family,target,condition,seed,checkpoint,value
Grasp,Allegro,target_only,0,best_rollout,0.35
Grasp,Allegro,target_only,0,best_val,0.42
Grasp,Allegro,target_only,0,last0,0.39
Grasp,Allegro,target_only,1,best_rollout,0.43
Grasp,Allegro,target_only,1,best_val,0.45
Grasp,Allegro,target_only,1,last0,0.43
Grasp,Allegro,cotrain,0,best_rollout,0.92
Grasp,Allegro,cotrain,0,best_val,0.83
Grasp,Allegro,cotrain,0,last0,0.77
Grasp,Allegro,cotrain,1,best_rollout,0.9
Grasp,Allegro,cotrain,1,best_val,0.93
Grasp,Allegro,cotrain,1,last0,0.9
Grasp,Allegro,ft_1e-4,0,best_rollout,0.92
Grasp,Allegro,ft_1e-4,0,best_val,0.95
Grasp,Allegro,ft_1e-4,0,last0,0.89
Grasp,Allegro,ft_1e-4,1,best_rollout,0.95
Grasp,Allegro,ft_1e-4,1,best_val,0.92
Grasp,Allegro,ft_1e-4,1,last0,0.95
Grasp,Allegro,ft_1e-5,0,best_rollout,0.98
Grasp,Allegro,ft_1e-5,0,best_val,0.99
Grasp,Allegro,ft_1e-5,0,last0,0.97
Grasp,Allegro,ft_1e-5,1,best_rollout,0.98
Grasp,Allegro,ft_1e-5,1,best_val,0.98
Grasp,Allegro,ft_1e-5,1,last0,0.94
Grasp,LEAP,target_only,0,best_rollout,0.34
Grasp,LEAP,target_only,0,best_val,0.32
Grasp,LEAP,target_only,0,last0,0.4
Grasp,LEAP,target_only,1,best_rollout,0.38
Grasp,LEAP,target_only,1,best_val,0.33
Grasp,LEAP,target_only,1,last0,0.32
Grasp,LEAP,cotrain,0,best_rollout,0.74
Grasp,LEAP,cotrain,0,best_val,0.41
Grasp,LEAP,cotrain,0,last0,0.69
Grasp,LEAP,cotrain,1,best_rollout,0.52
Grasp,LEAP,cotrain,1,best_val,0.49
Grasp,LEAP,cotrain,1,last0,0.54
Grasp,LEAP,ft_1e-4,0,best_rollout,0.78
Grasp,LEAP,ft_1e-4,0,best_val,0.71
Grasp,LEAP,ft_1e-4,0,last0,0.76
Grasp,LEAP,ft_1e-4,1,best_rollout,0.65
Grasp,LEAP,ft_1e-4,1,best_val,0.65
Grasp,LEAP,ft_1e-4,1,last0,0.71
Grasp,LEAP,ft_1e-5,0,best_rollout,0.92
Grasp,LEAP,ft_1e-5,0,best_val,0.91
Grasp,LEAP,ft_1e-5,0,last0,0.94
Grasp,LEAP,ft_1e-5,1,best_rollout,0.85
Grasp,LEAP,ft_1e-5,1,best_val,0.88
Grasp,LEAP,ft_1e-5,1,last0,0.86
Grasp,Shadow,target_only,0,best_rollout,0.39
Grasp,Shadow,target_only,0,best_val,0.41
Grasp,Shadow,target_only,0,last0,0.46
Grasp,Shadow,target_only,1,best_rollout,0.4
Grasp,Shadow,target_only,1,best_val,0.38
Grasp,Shadow,target_only,1,last0,0.38
Grasp,Shadow,cotrain,0,best_rollout,0.85
Grasp,Shadow,cotrain,0,best_val,0.86
Grasp,Shadow,cotrain,0,last0,0.65
Grasp,Shadow,cotrain,1,best_rollout,0.64
Grasp,Shadow,cotrain,1,best_val,0.7
Grasp,Shadow,cotrain,1,last0,0.63
Grasp,Shadow,ft_1e-4,0,best_rollout,0.79
Grasp,Shadow,ft_1e-4,0,best_val,0.82
Grasp,Shadow,ft_1e-4,0,last0,0.73
Grasp,Shadow,ft_1e-4,1,best_rollout,0.84
Grasp,Shadow,ft_1e-4,1,best_val,0.79
Grasp,Shadow,ft_1e-4,1,last0,0.77
Grasp,Shadow,ft_1e-5,0,best_rollout,0.9
Grasp,Shadow,ft_1e-5,0,best_val,0.87
Grasp,Shadow,ft_1e-5,0,last0,0.85
Grasp,Shadow,ft_1e-5,1,best_rollout,0.83
Grasp,Shadow,ft_1e-5,1,best_val,0.85
Grasp,Shadow,ft_1e-5,1,last0,0.82
Grasp,Sharpa,target_only,0,best_rollout,0.21
Grasp,Sharpa,target_only,0,best_val,0.32
Grasp,Sharpa,target_only,0,last0,0.32
Grasp,Sharpa,target_only,1,best_rollout,0.37
Grasp,Sharpa,target_only,1,best_val,0.33
Grasp,Sharpa,target_only,1,last0,0.29
Grasp,Sharpa,cotrain,0,best_rollout,0.86
Grasp,Sharpa,cotrain,0,best_val,0.76
Grasp,Sharpa,cotrain,0,last0,0.72
Grasp,Sharpa,cotrain,1,best_rollout,0.89
Grasp,Sharpa,cotrain,1,best_val,0.86
Grasp,Sharpa,cotrain,1,last0,0.88
Grasp,Sharpa,ft_1e-4,0,best_rollout,0.94
Grasp,Sharpa,ft_1e-4,0,best_val,0.96
Grasp,Sharpa,ft_1e-4,0,last0,0.9
Grasp,Sharpa,ft_1e-4,1,best_rollout,0.93
Grasp,Sharpa,ft_1e-4,1,best_val,0.93
Grasp,Sharpa,ft_1e-4,1,last0,0.91
Grasp,Sharpa,ft_1e-5,0,best_rollout,0.95
Grasp,Sharpa,ft_1e-5,0,best_val,0.96
Grasp,Sharpa,ft_1e-5,0,last0,0.97
Grasp,Sharpa,ft_1e-5,1,best_rollout,0.96
Grasp,Sharpa,ft_1e-5,1,best_val,0.95
Grasp,Sharpa,ft_1e-5,1,last0,0.94
Grasp,Wuji,target_only,0,best_rollout,0.32
Grasp,Wuji,target_only,0,best_val,0.33
Grasp,Wuji,target_only,0,last0,0.38
Grasp,Wuji,target_only,1,best_rollout,0.48
Grasp,Wuji,target_only,1,best_val,0.46
Grasp,Wuji,target_only,1,last0,0.45
Grasp,Wuji,cotrain,0,best_rollout,0.81
Grasp,Wuji,cotrain,0,best_val,0.84
Grasp,Wuji,cotrain,0,last0,0.9
Grasp,Wuji,cotrain,1,best_rollout,0.95
Grasp,Wuji,cotrain,1,best_val,0.87
Grasp,Wuji,cotrain,1,last0,0.9
Grasp,Wuji,ft_1e-4,0,best_rollout,0.9
Grasp,Wuji,ft_1e-4,0,best_val,0.85
Grasp,Wuji,ft_1e-4,0,last0,0.88
Grasp,Wuji,ft_1e-4,1,best_rollout,0.96
Grasp,Wuji,ft_1e-4,1,best_val,0.85
Grasp,Wuji,ft_1e-4,1,last0,0.9
Grasp,Wuji,ft_1e-5,0,best_rollout,0.91
Grasp,Wuji,ft_1e-5,0,best_val,0.95
Grasp,Wuji,ft_1e-5,0,last0,0.92
Grasp,Wuji,ft_1e-5,1,best_rollout,0.95
Grasp,Wuji,ft_1e-5,1,best_val,0.93
Grasp,Wuji,ft_1e-5,1,last0,0.9
InHand-Rotation,Allegro,target_only,0,best_rollout,0.98
InHand-Rotation,Allegro,target_only,0,best_val,0.97
InHand-Rotation,Allegro,target_only,0,last0,1.09
InHand-Rotation,Allegro,target_only,1,best_rollout,0.97
InHand-Rotation,Allegro,target_only,1,best_val,0.93
InHand-Rotation,Allegro,target_only,1,last0,0.79
InHand-Rotation,Allegro,cotrain,0,best_rollout,0.95
InHand-Rotation,Allegro,cotrain,0,best_val,0.86
InHand-Rotation,Allegro,cotrain,0,last0,0.79
InHand-Rotation,Allegro,cotrain,1,best_rollout,0.75
InHand-Rotation,Allegro,cotrain,1,best_val,0.69
InHand-Rotation,Allegro,cotrain,1,last0,0.88
InHand-Rotation,Allegro,ft_1e-4,0,best_rollout,2.0
InHand-Rotation,Allegro,ft_1e-4,0,best_val,1.68
InHand-Rotation,Allegro,ft_1e-4,0,last0,1.92
InHand-Rotation,Allegro,ft_1e-4,1,best_rollout,1.99
InHand-Rotation,Allegro,ft_1e-4,1,best_val,2.08
InHand-Rotation,Allegro,ft_1e-4,1,last0,1.75
InHand-Rotation,Allegro,ft_1e-5,0,best_rollout,1.74
InHand-Rotation,Allegro,ft_1e-5,0,best_val,1.57
InHand-Rotation,Allegro,ft_1e-5,0,last0,1.55
InHand-Rotation,Allegro,ft_1e-5,1,best_rollout,1.47
InHand-Rotation,Allegro,ft_1e-5,1,best_val,1.64
InHand-Rotation,Allegro,ft_1e-5,1,last0,1.95
InHand-Rotation,LEAP,target_only,0,best_rollout,0.62
InHand-Rotation,LEAP,target_only,0,best_val,0.6
InHand-Rotation,LEAP,target_only,0,last0,0.49
InHand-Rotation,LEAP,target_only,1,best_rollout,0.46
InHand-Rotation,LEAP,target_only,1,best_val,0.59
InHand-Rotation,LEAP,target_only,1,last0,0.63
InHand-Rotation,LEAP,cotrain,0,best_rollout,0.92
InHand-Rotation,LEAP,cotrain,0,best_val,0.75
InHand-Rotation,LEAP,cotrain,0,last0,0.85
InHand-Rotation,LEAP,cotrain,1,best_rollout,0.79
InHand-Rotation,LEAP,cotrain,1,best_val,0.53
InHand-Rotation,LEAP,cotrain,1,last0,0.84
InHand-Rotation,LEAP,ft_1e-4,0,best_rollout,1.39
InHand-Rotation,LEAP,ft_1e-4,0,best_val,1.24
InHand-Rotation,LEAP,ft_1e-4,0,last0,0.94
InHand-Rotation,LEAP,ft_1e-4,1,best_rollout,1.59
InHand-Rotation,LEAP,ft_1e-4,1,best_val,1.24
InHand-Rotation,LEAP,ft_1e-4,1,last0,1.33
InHand-Rotation,LEAP,ft_1e-5,0,best_rollout,1.36
InHand-Rotation,LEAP,ft_1e-5,0,best_val,1.4
InHand-Rotation,LEAP,ft_1e-5,0,last0,1.3
InHand-Rotation,LEAP,ft_1e-5,1,best_rollout,1.34
InHand-Rotation,LEAP,ft_1e-5,1,best_val,1.24
InHand-Rotation,LEAP,ft_1e-5,1,last0,1.36
InHand-Rotation,Shadow,target_only,0,best_rollout,0.5
InHand-Rotation,Shadow,target_only,0,best_val,0.54
InHand-Rotation,Shadow,target_only,0,last0,0.57
InHand-Rotation,Shadow,target_only,1,best_rollout,0.48
InHand-Rotation,Shadow,target_only,1,best_val,0.48
InHand-Rotation,Shadow,target_only,1,last0,0.47
InHand-Rotation,Shadow,cotrain,0,best_rollout,0.42
InHand-Rotation,Shadow,cotrain,0,best_val,0.4
InHand-Rotation,Shadow,cotrain,0,last0,0.47
InHand-Rotation,Shadow,cotrain,1,best_rollout,0.32
InHand-Rotation,Shadow,cotrain,1,best_val,0.34
InHand-Rotation,Shadow,cotrain,1,last0,0.42
InHand-Rotation,Shadow,ft_1e-4,0,best_rollout,0.81
InHand-Rotation,Shadow,ft_1e-4,0,best_val,0.71
InHand-Rotation,Shadow,ft_1e-4,0,last0,0.95
InHand-Rotation,Shadow,ft_1e-4,1,best_rollout,0.94
InHand-Rotation,Shadow,ft_1e-4,1,best_val,0.97
InHand-Rotation,Shadow,ft_1e-4,1,last0,0.94
InHand-Rotation,Shadow,ft_1e-5,0,best_rollout,0.89
InHand-Rotation,Shadow,ft_1e-5,0,best_val,0.61
InHand-Rotation,Shadow,ft_1e-5,0,last0,0.91
InHand-Rotation,Shadow,ft_1e-5,1,best_rollout,0.77
InHand-Rotation,Shadow,ft_1e-5,1,best_val,0.69
InHand-Rotation,Shadow,ft_1e-5,1,last0,0.79
InHand-Rotation,Sharpa,target_only,0,best_rollout,0.71
InHand-Rotation,Sharpa,target_only,0,best_val,0.59
InHand-Rotation,Sharpa,target_only,0,last0,0.63
InHand-Rotation,Sharpa,target_only,1,best_rollout,0.66
InHand-Rotation,Sharpa,target_only,1,best_val,0.62
InHand-Rotation,Sharpa,target_only,1,last0,0.61
InHand-Rotation,Sharpa,cotrain,0,best_rollout,0.53
InHand-Rotation,Sharpa,cotrain,0,best_val,0.45
InHand-Rotation,Sharpa,cotrain,0,last0,0.59
InHand-Rotation,Sharpa,cotrain,1,best_rollout,0.61
InHand-Rotation,Sharpa,cotrain,1,best_val,0.54
InHand-Rotation,Sharpa,cotrain,1,last0,0.38
InHand-Rotation,Sharpa,ft_1e-4,0,best_rollout,1.04
InHand-Rotation,Sharpa,ft_1e-4,0,best_val,0.97
InHand-Rotation,Sharpa,ft_1e-4,0,last0,1.13
InHand-Rotation,Sharpa,ft_1e-4,1,best_rollout,1.19
InHand-Rotation,Sharpa,ft_1e-4,1,best_val,0.94
InHand-Rotation,Sharpa,ft_1e-4,1,last0,1.09
InHand-Rotation,Sharpa,ft_1e-5,0,best_rollout,1.08
InHand-Rotation,Sharpa,ft_1e-5,0,best_val,0.94
InHand-Rotation,Sharpa,ft_1e-5,0,last0,1.07
InHand-Rotation,Sharpa,ft_1e-5,1,best_rollout,1.04
InHand-Rotation,Sharpa,ft_1e-5,1,best_val,1.08
InHand-Rotation,Sharpa,ft_1e-5,1,last0,1.22
InHand-Rotation,Wuji,target_only,0,best_rollout,0.92
InHand-Rotation,Wuji,target_only,0,best_val,0.99
InHand-Rotation,Wuji,target_only,0,last0,0.88
InHand-Rotation,Wuji,target_only,1,best_rollout,0.98
InHand-Rotation,Wuji,target_only,1,best_val,0.94
InHand-Rotation,Wuji,target_only,1,last0,0.81
InHand-Rotation,Wuji,cotrain,0,best_rollout,0.66
InHand-Rotation,Wuji,cotrain,0,best_val,0.66
InHand-Rotation,Wuji,cotrain,0,last0,0.52
InHand-Rotation,Wuji,cotrain,1,best_rollout,0.67
InHand-Rotation,Wuji,cotrain,1,best_val,0.56
InHand-Rotation,Wuji,cotrain,1,last0,0.82
InHand-Rotation,Wuji,ft_1e-4,0,best_rollout,1.52
InHand-Rotation,Wuji,ft_1e-4,0,best_val,1.15
InHand-Rotation,Wuji,ft_1e-4,0,last0,1.44
InHand-Rotation,Wuji,ft_1e-4,1,best_rollout,1.36
InHand-Rotation,Wuji,ft_1e-4,1,best_val,1.58
InHand-Rotation,Wuji,ft_1e-4,1,last0,1.44
InHand-Rotation,Wuji,ft_1e-5,0,best_rollout,1.44
InHand-Rotation,Wuji,ft_1e-5,0,best_val,1.5
InHand-Rotation,Wuji,ft_1e-5,0,last0,1.8
InHand-Rotation,Wuji,ft_1e-5,1,best_rollout,1.39
InHand-Rotation,Wuji,ft_1e-5,1,best_val,1.29
InHand-Rotation,Wuji,ft_1e-5,1,last0,1.47
