family,target,sigma,seed,checkpoint,value,source
Grasp,Allegro,0,0,best_rollout,0.92,rescore
Grasp,Allegro,0,0,best_val,0.83,rescore
Grasp,Allegro,0,0,last0,0.77,rescore
Grasp,Allegro,0,1,best_rollout,0.9,rescore
Grasp,Allegro,0,1,best_val,0.93,rescore
Grasp,Allegro,0,1,last0,0.9,rescore
Grasp,Allegro,100,0,best_rollout,0.35,rescore
Grasp,Allegro,100,0,best_val,0.42,rescore
Grasp,Allegro,100,0,last0,0.39,rescore
Grasp,Allegro,100,1,best_rollout,0.43,rescore
Grasp,Allegro,100,1,best_val,0.45,rescore
Grasp,Allegro,100,1,last0,0.43,rescore
Grasp,LEAP,0,0,best_rollout,0.74,rescore
Grasp,LEAP,0,0,best_val,0.41,rescore
Grasp,LEAP,0,0,last0,0.69,rescore
Grasp,LEAP,0,1,best_rollout,0.52,rescore
Grasp,LEAP,0,1,best_val,0.49,rescore
Grasp,LEAP,0,1,last0,0.54,rescore
Grasp,LEAP,100,0,best_rollout,0.34,rescore
Grasp,LEAP,100,0,best_val,0.32,rescore
Grasp,LEAP,100,0,last0,0.4,rescore
Grasp,LEAP,100,1,best_rollout,0.38,rescore
Grasp,LEAP,100,1,best_val,0.33,rescore
Grasp,LEAP,100,1,last0,0.32,rescore
Grasp,Shadow,0,0,best_rollout,0.85,rescore
Grasp,Shadow,0,0,best_val,0.86,rescore
Grasp,Shadow,0,0,last0,0.65,rescore
Grasp,Shadow,0,1,best_rollout,0.64,rescore
Grasp,Shadow,0,1,best_val,0.7,rescore
Grasp,Shadow,0,1,last0,0.63,rescore
Grasp,Shadow,100,0,best_rollout,0.39,rescore
Grasp,Shadow,100,0,best_val,0.41,rescore
Grasp,Shadow,100,0,last0,0.46,rescore
Grasp,Shadow,100,1,best_rollout,0.4,rescore
Grasp,Shadow,100,1,best_val,0.38,rescore
Grasp,Shadow,100,1,last0,0.38,rescore
Grasp,Sharpa,0,0,best_rollout,0.86,rescore
Grasp,Sharpa,0,0,best_val,0.76,rescore
Grasp,Sharpa,0,0,last0,0.72,rescore
Grasp,Sharpa,0,1,best_rollout,0.89,rescore
Grasp,Sharpa,0,1,best_val,0.86,rescore
Grasp,Sharpa,0,1,last0,0.88,rescore
Grasp,Sharpa,100,0,best_rollout,0.21,rescore
Grasp,Sharpa,100,0,best_val,0.32,rescore
Grasp,Sharpa,100,0,last0,0.32,rescore
Grasp,Sharpa,100,1,best_rollout,0.37,rescore
Grasp,Sharpa,100,1,best_val,0.33,rescore
Grasp,Sharpa,100,1,last0,0.29,rescore
Grasp,Wuji,0,0,best_rollout,0.81,rescore
Grasp,Wuji,0,0,best_val,0.84,rescore
Grasp,Wuji,0,0,last0,0.9,rescore
Grasp,Wuji,0,1,best_rollout,0.95,rescore
Grasp,Wuji,0,1,best_val,0.87,rescore
Grasp,Wuji,0,1,last0,0.9,rescore
Grasp,Wuji,100,0,best_rollout,0.32,rescore
Grasp,Wuji,100,0,best_val,0.33,rescore
Grasp,Wuji,100,0,last0,0.38,rescore
Grasp,Wuji,100,1,best_rollout,0.48,rescore
Grasp,Wuji,100,1,best_val,0.46,rescore
Grasp,Wuji,100,1,last0,0.45,rescore
InHand-Rotation,Allegro,0,0,best_rollout,0.95,rescore
InHand-Rotation,Allegro,0,0,best_val,0.86,rescore
InHand-Rotation,Allegro,0,0,last0,0.79,rescore
InHand-Rotation,Allegro,0,1,best_rollout,0.75,rescore
InHand-Rotation,Allegro,0,1,best_val,0.69,rescore
InHand-Rotation,Allegro,0,1,last0,0.88,rescore
InHand-Rotation,Allegro,100,0,best_rollout,0.98,rescore
InHand-Rotation,Allegro,100,0,best_val,0.97,rescore
InHand-Rotation,Allegro,100,0,last0,1.09,rescore
InHand-Rotation,Allegro,100,1,best_rollout,0.97,rescore
InHand-Rotation,Allegro,100,1,best_val,0.93,rescore
InHand-Rotation,Allegro,100,1,last0,0.79,rescore
InHand-Rotation,LEAP,0,0,best_rollout,0.92,rescore
InHand-Rotation,LEAP,0,0,best_val,0.75,rescore
InHand-Rotation,LEAP,0,0,last0,0.85,rescore
InHand-Rotation,LEAP,0,1,best_rollout,0.79,rescore
InHand-Rotation,LEAP,0,1,best_val,0.53,rescore
InHand-Rotation,LEAP,0,1,last0,0.84,rescore
InHand-Rotation,LEAP,100,0,best_rollout,0.62,rescore
InHand-Rotation,LEAP,100,0,best_val,0.6,rescore
InHand-Rotation,LEAP,100,0,last0,0.49,rescore
InHand-Rotation,LEAP,100,1,best_rollout,0.46,rescore
InHand-Rotation,LEAP,100,1,best_val,0.59,rescore
InHand-Rotation,LEAP,100,1,last0,0.63,rescore
InHand-Rotation,Shadow,0,0,best_rollout,0.42,rescore
InHand-Rotation,Shadow,0,0,best_val,0.4,rescore
InHand-Rotation,Shadow,0,0,last0,0.47,rescore
InHand-Rotation,Shadow,0,1,best_rollout,0.32,rescore
InHand-Rotation,Shadow,0,1,best_val,0.34,rescore
InHand-Rotation,Shadow,0,1,last0,0.42,rescore
InHand-Rotation,Shadow,100,0,best_rollout,0.5,rescore
InHand-Rotation,Shadow,100,0,best_val,0.54,rescore
InHand-Rotation,Shadow,100,0,last0,0.57,rescore
InHand-Rotation,Shadow,100,1,best_rollout,0.48,rescore
InHand-Rotation,Shadow,100,1,best_val,0.48,rescore
InHand-Rotation,Shadow,100,1,last0,0.47,rescore
InHand-Rotation,Sharpa,0,0,best_rollout,0.53,rescore
InHand-Rotation,Sharpa,0,0,best_val,0.45,rescore
InHand-Rotation,Sharpa,0,0,last0,0.59,rescore
InHand-Rotation,Sharpa,0,1,best_rollout,0.61,rescore
InHand-Rotation,Sharpa,0,1,best_val,0.54,rescore
InHand-Rotation,Sharpa,0,1,last0,0.38,rescore
InHand-Rotation,Sharpa,100,0,best_rollout,0.71,rescore
InHand-Rotation,Sharpa,100,0,best_val,0.59,rescore
InHand-Rotation,Sharpa,100,0,last0,0.63,rescore
InHand-Rotation,Sharpa,100,1,best_rollout,0.66,rescore
InHand-Rotation,Sharpa,100,1,best_val,0.62,rescore
InHand-Rotation,Sharpa,100,1,last0,0.61,rescore
InHand-Rotation,Wuji,0,0,best_rollout,0.66,rescore
InHand-Rotation,Wuji,0,0,best_val,0.66,rescore
InHand-Rotation,Wuji,0,0,last0,0.52,rescore
InHand-Rotation,Wuji,0,1,best_rollout,0.67,rescore
InHand-Rotation,Wuji,0,1,best_val,0.56,rescore
InHand-Rotation,Wuji,0,1,last0,0.82,rescore
InHand-Rotation,Wuji,100,0,best_rollout,0.92,rescore
InHand-Rotation,Wuji,100,0,best_val,0.99,rescore
InHand-Rotation,Wuji,100,0,last0,0.88,rescore
InHand-Rotation,Wuji,100,1,best_rollout,0.98,rescore
InHand-Rotation,Wuji,100,1,best_val,0.94,rescore
InHand-Rotation,Wuji,100,1,last0,0.81,rescore
