family,target,condition,seed,eval_on,value
Grasp,Allegro,cotrain,0,LEAP,0.99
Grasp,Allegro,cotrain,0,Shadow,0.95
Grasp,Allegro,cotrain,0,Sharpa,0.97
Grasp,Allegro,cotrain,0,Wuji,0.98
Grasp,Allegro,cotrain,0,Allegro,0.77
Grasp,Allegro,cotrain,1,LEAP,0.98
Grasp,Allegro,cotrain,1,Shadow,0.95
Grasp,Allegro,cotrain,1,Sharpa,0.99
Grasp,Allegro,cotrain,1,Wuji,0.99
Grasp,Allegro,cotrain,1,Allegro,0.9
Grasp,Allegro,ft_1e-4,0,LEAP,0.0
Grasp,Allegro,ft_1e-4,0,Shadow,0.0
Grasp,Allegro,ft_1e-4,0,Sharpa,0.0
Grasp,Allegro,ft_1e-4,0,Wuji,0.0
Grasp,Allegro,ft_1e-4,0,Allegro,0.89
Grasp,Allegro,ft_1e-4,1,LEAP,0.0
Grasp,Allegro,ft_1e-4,1,Shadow,0.0
Grasp,Allegro,ft_1e-4,1,Sharpa,0.0
Grasp,Allegro,ft_1e-4,1,Wuji,0.0
Grasp,Allegro,ft_1e-4,1,Allegro,0.95
Grasp,Allegro,ft_1e-5,0,LEAP,0.81
Grasp,Allegro,ft_1e-5,0,Shadow,0.92
Grasp,Allegro,ft_1e-5,0,Sharpa,0.38
Grasp,Allegro,ft_1e-5,0,Wuji,0.6
Grasp,Allegro,ft_1e-5,0,Allegro,0.97
Grasp,Allegro,ft_1e-5,1,LEAP,0.85
Grasp,Allegro,ft_1e-5,1,Shadow,0.94
Grasp,Allegro,ft_1e-5,1,Sharpa,0.74
Grasp,Allegro,ft_1e-5,1,Wuji,0.87
Grasp,Allegro,ft_1e-5,1,Allegro,0.94
Grasp,LEAP,cotrain,0,Allegro,0.99
Grasp,LEAP,cotrain,0,Shadow,0.96
Grasp,LEAP,cotrain,0,Sharpa,1.0
Grasp,LEAP,cotrain,0,Wuji,1.0
Grasp,LEAP,cotrain,0,LEAP,0.69
Grasp,LEAP,cotrain,1,Allegro,0.96
Grasp,LEAP,cotrain,1,Shadow,0.96
Grasp,LEAP,cotrain,1,Sharpa,0.98
Grasp,LEAP,cotrain,1,Wuji,0.99
Grasp,LEAP,cotrain,1,LEAP,0.54
Grasp,LEAP,ft_1e-4,0,Allegro,0.0
Grasp,LEAP,ft_1e-4,0,Shadow,0.0
Grasp,LEAP,ft_1e-4,0,Sharpa,0.0
Grasp,LEAP,ft_1e-4,0,Wuji,0.0
Grasp,LEAP,ft_1e-4,0,LEAP,0.76
Grasp,LEAP,ft_1e-4,1,Allegro,0.0
Grasp,LEAP,ft_1e-4,1,Shadow,0.0
Grasp,LEAP,ft_1e-4,1,Sharpa,0.0
Grasp,LEAP,ft_1e-4,1,Wuji,0.0
Grasp,LEAP,ft_1e-4,1,LEAP,0.71
Grasp,LEAP,ft_1e-5,0,Allegro,0.77
Grasp,LEAP,ft_1e-5,0,Shadow,0.73
Grasp,LEAP,ft_1e-5,0,Sharpa,0.97
Grasp,LEAP,ft_1e-5,0,Wuji,0.73
Grasp,LEAP,ft_1e-5,0,LEAP,0.94
Grasp,LEAP,ft_1e-5,1,Allegro,0.91
Grasp,LEAP,ft_1e-5,1,Shadow,0.89
Grasp,LEAP,ft_1e-5,1,Sharpa,0.96
Grasp,LEAP,ft_1e-5,1,Wuji,0.97
Grasp,LEAP,ft_1e-5,1,LEAP,0.86
Grasp,Shadow,cotrain,0,Allegro,0.98
Grasp,Shadow,cotrain,0,LEAP,1.0
Grasp,Shadow,cotrain,0,Sharpa,1.0
Grasp,Shadow,cotrain,0,Wuji,1.0
Grasp,Shadow,cotrain,0,Shadow,0.65
Grasp,Shadow,cotrain,1,Allegro,0.99
Grasp,Shadow,cotrain,1,LEAP,1.0
Grasp,Shadow,cotrain,1,Sharpa,0.99
Grasp,Shadow,cotrain,1,Wuji,1.0
Grasp,Shadow,cotrain,1,Shadow,0.63
Grasp,Shadow,ft_1e-4,0,Allegro,0.0
Grasp,Shadow,ft_1e-4,0,LEAP,0.0
Grasp,Shadow,ft_1e-4,0,Sharpa,0.0
Grasp,Shadow,ft_1e-4,0,Wuji,0.0
Grasp,Shadow,ft_1e-4,0,Shadow,0.73
Grasp,Shadow,ft_1e-4,1,Allegro,0.0
Grasp,Shadow,ft_1e-4,1,LEAP,0.0
Grasp,Shadow,ft_1e-4,1,Sharpa,0.0
Grasp,Shadow,ft_1e-4,1,Wuji,0.0
Grasp,Shadow,ft_1e-4,1,Shadow,0.77
Grasp,Shadow,ft_1e-5,0,Allegro,0.97
Grasp,Shadow,ft_1e-5,0,LEAP,0.71
Grasp,Shadow,ft_1e-5,0,Sharpa,0.74
Grasp,Shadow,ft_1e-5,0,Wuji,0.82
Grasp,Shadow,ft_1e-5,0,Shadow,0.85
Grasp,Shadow,ft_1e-5,1,Allegro,0.96
Grasp,Shadow,ft_1e-5,1,LEAP,0.74
Grasp,Shadow,ft_1e-5,1,Sharpa,0.86
Grasp,Shadow,ft_1e-5,1,Wuji,0.81
Grasp,Shadow,ft_1e-5,1,Shadow,0.82
Grasp,Sharpa,cotrain,0,Allegro,1.0
Grasp,Sharpa,cotrain,0,LEAP,1.0
Grasp,Sharpa,cotrain,0,Shadow,0.97
Grasp,Sharpa,cotrain,0,Wuji,1.0
Grasp,Sharpa,cotrain,0,Sharpa,0.72
Grasp,Sharpa,cotrain,1,Allegro,1.0
Grasp,Sharpa,cotrain,1,LEAP,0.98
Grasp,Sharpa,cotrain,1,Shadow,0.97
Grasp,Sharpa,cotrain,1,Wuji,0.99
Grasp,Sharpa,cotrain,1,Sharpa,0.88
Grasp,Sharpa,ft_1e-4,0,Allegro,0.0
Grasp,Sharpa,ft_1e-4,0,LEAP,0.01
Grasp,Sharpa,ft_1e-4,0,Shadow,0.06
Grasp,Sharpa,ft_1e-4,0,Wuji,0.0
Grasp,Sharpa,ft_1e-4,0,Sharpa,0.9
Grasp,Sharpa,ft_1e-4,1,Allegro,0.0
Grasp,Sharpa,ft_1e-4,1,LEAP,0.0
Grasp,Sharpa,ft_1e-4,1,Shadow,0.02
Grasp,Sharpa,ft_1e-4,1,Wuji,0.0
Grasp,Sharpa,ft_1e-4,1,Sharpa,0.91
Grasp,Sharpa,ft_1e-5,0,Allegro,0.93
Grasp,Sharpa,ft_1e-5,0,LEAP,0.89
Grasp,Sharpa,ft_1e-5,0,Shadow,0.81
Grasp,Sharpa,ft_1e-5,0,Wuji,0.96
Grasp,Sharpa,ft_1e-5,0,Sharpa,0.97
Grasp,Sharpa,ft_1e-5,1,Allegro,0.9
Grasp,Sharpa,ft_1e-5,1,LEAP,0.84
Grasp,Sharpa,ft_1e-5,1,Shadow,0.76
Grasp,Sharpa,ft_1e-5,1,Wuji,0.95
Grasp,Sharpa,ft_1e-5,1,Sharpa,0.94
Grasp,Wuji,cotrain,0,Allegro,0.98
Grasp,Wuji,cotrain,0,LEAP,0.98
Grasp,Wuji,cotrain,0,Shadow,0.95
Grasp,Wuji,cotrain,0,Sharpa,0.98
Grasp,Wuji,cotrain,0,Wuji,0.9
Grasp,Wuji,cotrain,1,Allegro,0.98
Grasp,Wuji,cotrain,1,LEAP,0.99
Grasp,Wuji,cotrain,1,Shadow,0.93
Grasp,Wuji,cotrain,1,Sharpa,0.96
Grasp,Wuji,cotrain,1,Wuji,0.9
Grasp,Wuji,ft_1e-4,0,Allegro,0.0
Grasp,Wuji,ft_1e-4,0,LEAP,0.0
Grasp,Wuji,ft_1e-4,0,Shadow,0.0
Grasp,Wuji,ft_1e-4,0,Sharpa,0.0
Grasp,Wuji,ft_1e-4,0,Wuji,0.88
Grasp,Wuji,ft_1e-4,1,Allegro,0.0
Grasp,Wuji,ft_1e-4,1,LEAP,0.01
Grasp,Wuji,ft_1e-4,1,Shadow,0.0
Grasp,Wuji,ft_1e-4,1,Sharpa,0.0
Grasp,Wuji,ft_1e-4,1,Wuji,0.9
Grasp,Wuji,ft_1e-5,0,Allegro,0.91
Grasp,Wuji,ft_1e-5,0,LEAP,0.51
Grasp,Wuji,ft_1e-5,0,Shadow,0.66
Grasp,Wuji,ft_1e-5,0,Sharpa,0.83
Grasp,Wuji,ft_1e-5,0,Wuji,0.92
Grasp,Wuji,ft_1e-5,1,Allegro,0.93
Grasp,Wuji,ft_1e-5,1,LEAP,0.45
Grasp,Wuji,ft_1e-5,1,Shadow,0.88
Grasp,Wuji,ft_1e-5,1,Sharpa,0.8
Grasp,Wuji,ft_1e-5,1,Wuji,0.9
InHand-Rotation,Allegro,cotrain,0,LEAP,1.96
InHand-Rotation,Allegro,cotrain,0,Shadow,0.74
InHand-Rotation,Allegro,cotrain,0,Sharpa,1.09
InHand-Rotation,Allegro,cotrain,0,Wuji,1.56
InHand-Rotation,Allegro,cotrain,0,Allegro,0.79
InHand-Rotation,Allegro,cotrain,1,LEAP,1.82
InHand-Rotation,Allegro,cotrain,1,Shadow,0.85
InHand-Rotation,Allegro,cotrain,1,Sharpa,1.0
InHand-Rotation,Allegro,cotrain,1,Wuji,1.58
InHand-Rotation,Allegro,cotrain,1,Allegro,0.88
InHand-Rotation,Allegro,ft_1e-4,0,LEAP,0.0
InHand-Rotation,Allegro,ft_1e-4,0,Shadow,0.0
InHand-Rotation,Allegro,ft_1e-4,0,Sharpa,0.0
InHand-Rotation,Allegro,ft_1e-4,0,Wuji,0.0
InHand-Rotation,Allegro,ft_1e-4,0,Allegro,1.92
InHand-Rotation,Allegro,ft_1e-4,1,LEAP,0.0
InHand-Rotation,Allegro,ft_1e-4,1,Shadow,0.0
InHand-Rotation,Allegro,ft_1e-4,1,Sharpa,0.0
InHand-Rotation,Allegro,ft_1e-4,1,Wuji,0.0
InHand-Rotation,Allegro,ft_1e-4,1,Allegro,1.75
InHand-Rotation,Allegro,ft_1e-5,0,LEAP,0.25
InHand-Rotation,Allegro,ft_1e-5,0,Shadow,0.0
InHand-Rotation,Allegro,ft_1e-5,0,Sharpa,0.09
InHand-Rotation,Allegro,ft_1e-5,0,Wuji,0.05
InHand-Rotation,Allegro,ft_1e-5,0,Allegro,1.55
InHand-Rotation,Allegro,ft_1e-5,1,LEAP,0.06
InHand-Rotation,Allegro,ft_1e-5,1,Shadow,0.0
InHand-Rotation,Allegro,ft_1e-5,1,Sharpa,0.03
InHand-Rotation,Allegro,ft_1e-5,1,Wuji,0.08
InHand-Rotation,Allegro,ft_1e-5,1,Allegro,1.95
InHand-Rotation,LEAP,cotrain,0,Allegro,1.97
InHand-Rotation,LEAP,cotrain,0,Shadow,0.86
InHand-Rotation,LEAP,cotrain,0,Sharpa,1.08
InHand-Rotation,LEAP,cotrain,0,Wuji,1.59
InHand-Rotation,LEAP,cotrain,0,LEAP,0.85
InHand-Rotation,LEAP,cotrain,1,Allegro,1.7
InHand-Rotation,LEAP,cotrain,1,Shadow,0.93
InHand-Rotation,LEAP,cotrain,1,Sharpa,1.11
InHand-Rotation,LEAP,cotrain,1,Wuji,1.95
InHand-Rotation,LEAP,cotrain,1,LEAP,0.84
InHand-Rotation,LEAP,ft_1e-4,0,Allegro,0.0
InHand-Rotation,LEAP,ft_1e-4,0,Shadow,0.0
InHand-Rotation,LEAP,ft_1e-4,0,Sharpa,0.0
InHand-Rotation,LEAP,ft_1e-4,0,Wuji,0.0
InHand-Rotation,LEAP,ft_1e-4,0,LEAP,0.94
InHand-Rotation,LEAP,ft_1e-4,1,Allegro,0.0
InHand-Rotation,LEAP,ft_1e-4,1,Shadow,0.0
InHand-Rotation,LEAP,ft_1e-4,1,Sharpa,0.0
InHand-Rotation,LEAP,ft_1e-4,1,Wuji,0.0
InHand-Rotation,LEAP,ft_1e-4,1,LEAP,1.33
InHand-Rotation,LEAP,ft_1e-5,0,Allegro,0.72
InHand-Rotation,LEAP,ft_1e-5,0,Shadow,0.12
InHand-Rotation,LEAP,ft_1e-5,0,Sharpa,0.04
InHand-Rotation,LEAP,ft_1e-5,0,Wuji,0.51
InHand-Rotation,LEAP,ft_1e-5,0,LEAP,1.3
InHand-Rotation,LEAP,ft_1e-5,1,Allegro,0.4
InHand-Rotation,LEAP,ft_1e-5,1,Shadow,0.07
InHand-Rotation,LEAP,ft_1e-5,1,Sharpa,0.05
InHand-Rotation,LEAP,ft_1e-5,1,Wuji,0.3
InHand-Rotation,LEAP,ft_1e-5,1,LEAP,1.36
InHand-Rotation,Shadow,cotrain,0,Allegro,1.76
InHand-Rotation,Shadow,cotrain,0,LEAP,1.94
InHand-Rotation,Shadow,cotrain,0,Sharpa,1.14
InHand-Rotation,Shadow,cotrain,0,Wuji,1.58
InHand-Rotation,Shadow,cotrain,0,Shadow,0.47
InHand-Rotation,Shadow,cotrain,1,Allegro,1.62
InHand-Rotation,Shadow,cotrain,1,LEAP,1.86
InHand-Rotation,Shadow,cotrain,1,Sharpa,0.89
InHand-Rotation,Shadow,cotrain,1,Wuji,1.75
InHand-Rotation,Shadow,cotrain,1,Shadow,0.42
InHand-Rotation,Shadow,ft_1e-4,0,Allegro,0.0
InHand-Rotation,Shadow,ft_1e-4,0,LEAP,0.0
InHand-Rotation,Shadow,ft_1e-4,0,Sharpa,0.0
InHand-Rotation,Shadow,ft_1e-4,0,Wuji,0.0
InHand-Rotation,Shadow,ft_1e-4,0,Shadow,0.95
InHand-Rotation,Shadow,ft_1e-4,1,Allegro,0.0
InHand-Rotation,Shadow,ft_1e-4,1,LEAP,0.0
InHand-Rotation,Shadow,ft_1e-4,1,Sharpa,0.0
InHand-Rotation,Shadow,ft_1e-4,1,Wuji,0.0
InHand-Rotation,Shadow,ft_1e-4,1,Shadow,0.94
InHand-Rotation,Shadow,ft_1e-5,0,Allegro,0.07
InHand-Rotation,Shadow,ft_1e-5,0,LEAP,0.95
InHand-Rotation,Shadow,ft_1e-5,0,Sharpa,0.0
InHand-Rotation,Shadow,ft_1e-5,0,Wuji,0.12
InHand-Rotation,Shadow,ft_1e-5,0,Shadow,0.91
InHand-Rotation,Shadow,ft_1e-5,1,Allegro,0.16
InHand-Rotation,Shadow,ft_1e-5,1,LEAP,0.69
InHand-Rotation,Shadow,ft_1e-5,1,Sharpa,0.0
InHand-Rotation,Shadow,ft_1e-5,1,Wuji,0.31
InHand-Rotation,Shadow,ft_1e-5,1,Shadow,0.79
InHand-Rotation,Sharpa,cotrain,0,Allegro,1.83
InHand-Rotation,Sharpa,cotrain,0,LEAP,2.17
InHand-Rotation,Sharpa,cotrain,0,Shadow,0.78
InHand-Rotation,Sharpa,cotrain,0,Wuji,1.5
InHand-Rotation,Sharpa,cotrain,0,Sharpa,0.59
InHand-Rotation,Sharpa,cotrain,1,Allegro,1.76
InHand-Rotation,Sharpa,cotrain,1,LEAP,1.7
InHand-Rotation,Sharpa,cotrain,1,Shadow,0.89
InHand-Rotation,Sharpa,cotrain,1,Wuji,1.5
InHand-Rotation,Sharpa,cotrain,1,Sharpa,0.38
InHand-Rotation,Sharpa,ft_1e-4,0,Allegro,0.0
InHand-Rotation,Sharpa,ft_1e-4,0,LEAP,0.0
InHand-Rotation,Sharpa,ft_1e-4,0,Shadow,0.0
InHand-Rotation,Sharpa,ft_1e-4,0,Wuji,0.0
InHand-Rotation,Sharpa,ft_1e-4,0,Sharpa,1.13
InHand-Rotation,Sharpa,ft_1e-4,1,Allegro,0.0
InHand-Rotation,Sharpa,ft_1e-4,1,LEAP,0.0
InHand-Rotation,Sharpa,ft_1e-4,1,Shadow,0.0
InHand-Rotation,Sharpa,ft_1e-4,1,Wuji,0.0
InHand-Rotation,Sharpa,ft_1e-4,1,Sharpa,1.09
InHand-Rotation,Sharpa,ft_1e-5,0,Allegro,0.65
InHand-Rotation,Sharpa,ft_1e-5,0,LEAP,0.98
InHand-Rotation,Sharpa,ft_1e-5,0,Shadow,0.02
InHand-Rotation,Sharpa,ft_1e-5,0,Wuji,0.56
InHand-Rotation,Sharpa,ft_1e-5,0,Sharpa,1.07
InHand-Rotation,Sharpa,ft_1e-5,1,Allegro,0.82
InHand-Rotation,Sharpa,ft_1e-5,1,LEAP,0.92
InHand-Rotation,Sharpa,ft_1e-5,1,Shadow,0.02
InHand-Rotation,Sharpa,ft_1e-5,1,Wuji,0.39
InHand-Rotation,Sharpa,ft_1e-5,1,Sharpa,1.22
InHand-Rotation,Wuji,cotrain,0,Allegro,1.67
InHand-Rotation,Wuji,cotrain,0,LEAP,1.99
InHand-Rotation,Wuji,cotrain,0,Shadow,0.85
InHand-Rotation,Wuji,cotrain,0,Sharpa,1.06
InHand-Rotation,Wuji,cotrain,0,Wuji,0.52
InHand-Rotation,Wuji,cotrain,1,Allegro,1.75
InHand-Rotation,Wuji,cotrain,1,LEAP,1.78
InHand-Rotation,Wuji,cotrain,1,Shadow,1.19
InHand-Rotation,Wuji,cotrain,1,Sharpa,1.06
InHand-Rotation,Wuji,cotrain,1,Wuji,0.82
InHand-Rotation,Wuji,ft_1e-4,0,Allegro,0.0
InHand-Rotation,Wuji,ft_1e-4,0,LEAP,0.0
InHand-Rotation,Wuji,ft_1e-4,0,Shadow,0.0
InHand-Rotation,Wuji,ft_1e-4,0,Sharpa,0.0
InHand-Rotation,Wuji,ft_1e-4,0,Wuji,1.44
InHand-Rotation,Wuji,ft_1e-4,1,Allegro,0.0
InHand-Rotation,Wuji,ft_1e-4,1,LEAP,0.0
InHand-Rotation,Wuji,ft_1e-4,1,Shadow,0.0
InHand-Rotation,Wuji,ft_1e-4,1,Sharpa,0.0
InHand-Rotation,Wuji,ft_1e-4,1,Wuji,1.44
InHand-Rotation,Wuji,ft_1e-5,0,Allegro,0.0
InHand-Rotation,Wuji,ft_1e-5,0,LEAP,0.35
InHand-Rotation,Wuji,ft_1e-5,0,Shadow,0.01
InHand-Rotation,Wuji,ft_1e-5,0,Sharpa,0.08
InHand-Rotation,Wuji,ft_1e-5,0,Wuji,1.8
InHand-Rotation,Wuji,ft_1e-5,1,Allegro,0.0
InHand-Rotation,Wuji,ft_1e-5,1,LEAP,0.1
InHand-Rotation,Wuji,ft_1e-5,1,Shadow,0.0
InHand-Rotation,Wuji,ft_1e-5,1,Sharpa,0.03
InHand-Rotation,Wuji,ft_1e-5,1,Wuji,1.47
