hand,sigma,seed,ckpt,eval_on,role,value,source
Allegro,0,0,best_eval,Allegro,target,0.3125,in-training
Allegro,0,0,best_val,Allegro,target,nan,in-training
Allegro,0,0,latest,Allegro,target,0.3125,in-training
Allegro,0,1,best_eval,Allegro,target,0.3125,in-training
Allegro,0,1,best_val,Allegro,target,nan,in-training
Allegro,0,1,latest,Allegro,target,0.21875,in-training
Allegro,0,2,best_eval,Allegro,target,0.375,in-training
Allegro,0,2,best_val,Allegro,target,nan,in-training
Allegro,0,2,latest,Allegro,target,0.375,in-training
Allegro,0,3,best_eval,Allegro,target,0.53125,in-training
Allegro,0,3,best_val,Allegro,target,nan,in-training
Allegro,0,3,latest,Allegro,target,0.53125,in-training
Allegro,100,0,best_eval,Allegro,target,1.0625,in-training
Allegro,100,0,best_val,Allegro,target,nan,in-training
Allegro,100,0,latest,Allegro,target,0.9375,in-training
Allegro,100,1,best_eval,Allegro,target,1.21875,in-training
Allegro,100,1,best_val,Allegro,target,nan,in-training
Allegro,100,1,latest,Allegro,target,0.65625,in-training
Allegro,100,2,best_eval,Allegro,target,1.03125,in-training
Allegro,100,2,best_val,Allegro,target,nan,in-training
Allegro,100,2,latest,Allegro,target,1.0,in-training
Allegro,100,3,best_eval,Allegro,target,1.15625,in-training
Allegro,100,3,best_val,Allegro,target,nan,in-training
Allegro,100,3,latest,Allegro,target,0.71875,in-training
Allegro,10,0,best_eval,Allegro,target,0.6875,in-training
Allegro,10,0,best_val,Allegro,target,nan,in-training
Allegro,10,0,latest,Allegro,target,0.3125,in-training
Allegro,10,1,best_eval,Allegro,target,0.78125,in-training
Allegro,10,1,best_val,Allegro,target,0.75,in-training
Allegro,10,1,latest,Allegro,target,0.78125,in-training
Allegro,10,2,best_eval,Allegro,target,0.8125,in-training
Allegro,10,2,best_val,Allegro,target,nan,in-training
Allegro,10,2,latest,Allegro,target,0.8125,in-training
Allegro,10,3,best_eval,Allegro,target,0.625,in-training
Allegro,10,3,best_val,Allegro,target,nan,in-training
Allegro,10,3,latest,Allegro,target,0.5,in-training
Allegro,12,0,best_eval,Allegro,target,0.5,in-training
Allegro,12,0,best_val,Allegro,target,0.4375,in-training
Allegro,12,0,latest,Allegro,target,0.4375,in-training
Allegro,12,1,best_eval,Allegro,target,0.6875,in-training
Allegro,12,1,best_val,Allegro,target,nan,in-training
Allegro,12,1,latest,Allegro,target,0.65625,in-training
Allegro,12,2,best_eval,Allegro,target,0.78125,in-training
Allegro,12,2,best_val,Allegro,target,nan,in-training
Allegro,12,2,latest,Allegro,target,0.40625,in-training
Allegro,12,3,best_eval,Allegro,target,0.5625,in-training
Allegro,12,3,best_val,Allegro,target,nan,in-training
Allegro,12,3,latest,Allegro,target,0.53125,in-training
Allegro,14,0,best_eval,Allegro,target,0.65625,in-training
Allegro,14,0,best_val,Allegro,target,nan,in-training
Allegro,14,0,latest,Allegro,target,0.4375,in-training
Allegro,14,1,best_eval,Allegro,target,0.75,in-training
Allegro,14,1,best_val,Allegro,target,nan,in-training
Allegro,14,1,latest,Allegro,target,0.5625,in-training
Allegro,14,2,best_eval,Allegro,target,0.90625,in-training
Allegro,14,2,best_val,Allegro,target,nan,in-training
Allegro,14,2,latest,Allegro,target,0.90625,in-training
Allegro,14,3,best_eval,Allegro,target,0.71875,in-training
Allegro,14,3,best_val,Allegro,target,nan,in-training
Allegro,14,3,latest,Allegro,target,0.6875,in-training
Allegro,16,0,best_eval,Allegro,target,0.75,in-training
Allegro,16,0,best_val,Allegro,target,nan,in-training
Allegro,16,0,latest,Allegro,target,0.625,in-training
Allegro,16,1,best_eval,Allegro,target,0.71875,in-training
Allegro,16,1,best_val,Allegro,target,0.5625,in-training
Allegro,16,1,latest,Allegro,target,0.5625,in-training
Allegro,16,2,best_eval,Allegro,target,0.875,in-training
Allegro,16,2,best_val,Allegro,target,0.46875,in-training
Allegro,16,2,latest,Allegro,target,0.5,in-training
Allegro,16,3,best_eval,Allegro,target,0.65625,in-training
Allegro,16,3,best_val,Allegro,target,0.5625,in-training
Allegro,16,3,latest,Allegro,target,0.5625,in-training
Allegro,18,0,best_eval,Allegro,target,0.625,in-training
Allegro,18,0,best_val,Allegro,target,0.625,in-training
Allegro,18,0,latest,Allegro,target,0.46875,in-training
Allegro,18,1,best_eval,Allegro,target,0.84375,in-training
Allegro,18,1,best_val,Allegro,target,nan,in-training
Allegro,18,1,latest,Allegro,target,0.6875,in-training
Allegro,18,2,best_eval,Allegro,target,0.78125,in-training
Allegro,18,2,best_val,Allegro,target,0.5,in-training
Allegro,18,2,latest,Allegro,target,0.5,in-training
Allegro,18,3,best_eval,Allegro,target,0.6875,in-training
Allegro,18,3,best_val,Allegro,target,nan,in-training
Allegro,18,3,latest,Allegro,target,0.6875,in-training
Allegro,1,0,best_eval,Allegro,target,0.3125,in-training
Allegro,1,0,best_val,Allegro,target,nan,in-training
Allegro,1,0,latest,Allegro,target,0.28125,in-training
Allegro,1,1,best_eval,Allegro,target,0.25,in-training
Allegro,1,1,best_val,Allegro,target,nan,in-training
Allegro,1,1,latest,Allegro,target,0.25,in-training
Allegro,1,2,best_eval,Allegro,target,0.28125,in-training
Allegro,1,2,best_val,Allegro,target,nan,in-training
Allegro,1,2,latest,Allegro,target,0.28125,in-training
Allegro,1,3,best_eval,Allegro,target,0.375,in-training
Allegro,1,3,best_val,Allegro,target,nan,in-training
Allegro,1,3,latest,Allegro,target,0.375,in-training
Allegro,20,0,best_eval,Allegro,target,0.84375,in-training
Allegro,20,0,best_val,Allegro,target,nan,in-training
Allegro,20,0,latest,Allegro,target,0.65625,in-training
Allegro,20,1,best_eval,Allegro,target,1.0,in-training
Allegro,20,1,best_val,Allegro,target,nan,in-training
Allegro,20,1,latest,Allegro,target,0.75,in-training
Allegro,20,2,best_eval,Allegro,target,0.84375,in-training
Allegro,20,2,best_val,Allegro,target,nan,in-training
Allegro,20,2,latest,Allegro,target,0.59375,in-training
Allegro,20,3,best_eval,Allegro,target,0.84375,in-training
Allegro,20,3,best_val,Allegro,target,nan,in-training
Allegro,20,3,latest,Allegro,target,0.375,in-training
Allegro,25,0,best_eval,Allegro,target,0.875,in-training
Allegro,25,0,best_val,Allegro,target,0.59375,in-training
Allegro,25,0,latest,Allegro,target,0.59375,in-training
Allegro,25,1,best_eval,Allegro,target,0.8125,in-training
Allegro,25,1,best_val,Allegro,target,0.78125,in-training
Allegro,25,1,latest,Allegro,target,0.71875,in-training
Allegro,25,2,best_eval,Allegro,target,0.84375,in-training
Allegro,25,2,best_val,Allegro,target,nan,in-training
Allegro,25,2,latest,Allegro,target,0.75,in-training
Allegro,25,3,best_eval,Allegro,target,0.78125,in-training
Allegro,25,3,best_val,Allegro,target,nan,in-training
Allegro,25,3,latest,Allegro,target,0.6875,in-training
Allegro,2,0,best_eval,Allegro,target,0.375,in-training
Allegro,2,0,best_val,Allegro,target,0.15625,in-training
Allegro,2,0,latest,Allegro,target,0.375,in-training
Allegro,2,1,best_eval,Allegro,target,0.4375,in-training
Allegro,2,1,best_val,Allegro,target,nan,in-training
Allegro,2,1,latest,Allegro,target,0.28125,in-training
Allegro,2,2,best_eval,Allegro,target,0.25,in-training
Allegro,2,2,best_val,Allegro,target,nan,in-training
Allegro,2,2,latest,Allegro,target,0.25,in-training
Allegro,2,3,best_eval,Allegro,target,0.34375,in-training
Allegro,2,3,best_val,Allegro,target,0.1875,in-training
Allegro,2,3,latest,Allegro,target,0.34375,in-training
Allegro,3,0,best_eval,Allegro,target,0.4375,in-training
Allegro,3,0,best_val,Allegro,target,nan,in-training
Allegro,3,0,latest,Allegro,target,0.4375,in-training
Allegro,3,1,best_eval,Allegro,target,0.375,in-training
Allegro,3,1,best_val,Allegro,target,nan,in-training
Allegro,3,1,latest,Allegro,target,0.375,in-training
Allegro,3,2,best_eval,Allegro,target,0.28125,in-training
Allegro,3,2,best_val,Allegro,target,nan,in-training
Allegro,3,2,latest,Allegro,target,0.15625,in-training
Allegro,3,3,best_eval,Allegro,target,0.375,in-training
Allegro,3,3,best_val,Allegro,target,nan,in-training
Allegro,3,3,latest,Allegro,target,0.21875,in-training
Allegro,4,0,best_eval,Allegro,target,0.21875,in-training
Allegro,4,0,best_val,Allegro,target,nan,in-training
Allegro,4,0,latest,Allegro,target,0.09375,in-training
Allegro,4,1,best_eval,Allegro,target,0.3125,in-training
Allegro,4,1,best_val,Allegro,target,nan,in-training
Allegro,4,1,latest,Allegro,target,0.25,in-training
Allegro,4,2,best_eval,Allegro,target,0.40625,in-training
Allegro,4,2,best_val,Allegro,target,nan,in-training
Allegro,4,2,latest,Allegro,target,0.40625,in-training
Allegro,4,3,best_eval,Allegro,target,0.53125,in-training
Allegro,4,3,best_val,Allegro,target,nan,in-training
Allegro,4,3,latest,Allegro,target,0.40625,in-training
Allegro,5,0,best_eval,Allegro,target,0.40625,in-training
Allegro,5,0,best_val,Allegro,target,nan,in-training
Allegro,5,0,latest,Allegro,target,0.375,in-training
Allegro,5,1,best_eval,Allegro,target,0.34375,in-training
Allegro,5,1,best_val,Allegro,target,0.21875,in-training
Allegro,5,1,latest,Allegro,target,0.25,in-training
Allegro,5,2,best_eval,Allegro,target,0.4375,in-training
Allegro,5,2,best_val,Allegro,target,nan,in-training
Allegro,5,2,latest,Allegro,target,0.21875,in-training
Allegro,5,3,best_eval,Allegro,target,0.4375,in-training
Allegro,5,3,best_val,Allegro,target,0.3125,in-training
Allegro,5,3,latest,Allegro,target,0.34375,in-training
Allegro,6,0,best_eval,Allegro,target,0.53125,in-training
Allegro,6,0,best_val,Allegro,target,nan,in-training
Allegro,6,0,latest,Allegro,target,0.46875,in-training
Allegro,6,1,best_eval,Allegro,target,0.46875,in-training
Allegro,6,1,best_val,Allegro,target,nan,in-training
Allegro,6,1,latest,Allegro,target,0.34375,in-training
Allegro,6,2,best_eval,Allegro,target,0.5,in-training
Allegro,6,2,best_val,Allegro,target,nan,in-training
Allegro,6,2,latest,Allegro,target,0.46875,in-training
Allegro,6,3,best_eval,Allegro,target,0.65625,in-training
Allegro,6,3,best_val,Allegro,target,nan,in-training
Allegro,6,3,latest,Allegro,target,0.625,in-training
Allegro,8,0,best_eval,Allegro,target,0.46875,in-training
Allegro,8,0,best_val,Allegro,target,nan,in-training
Allegro,8,0,latest,Allegro,target,0.34375,in-training
Allegro,8,1,best_eval,Allegro,target,0.5625,in-training
Allegro,8,1,best_val,Allegro,target,nan,in-training
Allegro,8,1,latest,Allegro,target,0.53125,in-training
Allegro,8,2,best_eval,Allegro,target,0.625,in-training
Allegro,8,2,best_val,Allegro,target,nan,in-training
Allegro,8,2,latest,Allegro,target,0.625,in-training
Allegro,8,3,best_eval,Allegro,target,0.78125,in-training
Allegro,8,3,best_val,Allegro,target,0.40625,in-training
Allegro,8,3,latest,Allegro,target,0.78125,in-training
LEAP,0,0,best_eval,LEAP,target,0.625,in-training
LEAP,0,0,best_val,LEAP,target,0.5,in-training
LEAP,0,0,latest,LEAP,target,0.625,in-training
LEAP,0,1,best_eval,LEAP,target,0.625,in-training
LEAP,0,1,best_val,LEAP,target,nan,in-training
LEAP,0,1,latest,LEAP,target,0.625,in-training
LEAP,0,2,best_eval,LEAP,target,0.65625,in-training
LEAP,0,2,best_val,LEAP,target,nan,in-training
LEAP,0,2,latest,LEAP,target,0.65625,in-training
LEAP,0,3,best_eval,LEAP,target,0.4375,in-training
LEAP,0,3,best_val,LEAP,target,0.3125,in-training
LEAP,0,3,latest,LEAP,target,0.4375,in-training
LEAP,100,0,best_eval,LEAP,target,0.78125,in-training
LEAP,100,0,best_val,LEAP,target,nan,in-training
LEAP,100,0,latest,LEAP,target,0.3125,in-training
LEAP,100,1,best_eval,LEAP,target,0.9375,in-training
LEAP,100,1,best_val,LEAP,target,nan,in-training
LEAP,100,1,latest,LEAP,target,0.34375,in-training
LEAP,100,2,best_eval,LEAP,target,0.96875,in-training
LEAP,100,2,best_val,LEAP,target,0.59375,in-training
LEAP,100,2,latest,LEAP,target,0.75,in-training
LEAP,100,3,best_eval,LEAP,target,1.03125,in-training
LEAP,100,3,best_val,LEAP,target,0.59375,in-training
LEAP,100,3,latest,LEAP,target,0.6875,in-training
LEAP,10,0,best_eval,LEAP,target,0.375,in-training
LEAP,10,0,best_val,LEAP,target,nan,in-training
LEAP,10,0,latest,LEAP,target,0.375,in-training
LEAP,10,1,best_eval,LEAP,target,0.375,in-training
LEAP,10,1,best_val,LEAP,target,nan,in-training
LEAP,10,1,latest,LEAP,target,0.15625,in-training
LEAP,10,2,best_eval,LEAP,target,0.40625,in-training
LEAP,10,2,best_val,LEAP,target,0.375,in-training
LEAP,10,2,latest,LEAP,target,0.375,in-training
LEAP,10,3,best_eval,LEAP,target,0.28125,in-training
LEAP,10,3,best_val,LEAP,target,0.25,in-training
LEAP,10,3,latest,LEAP,target,0.25,in-training
LEAP,12,0,best_eval,LEAP,target,0.34375,in-training
LEAP,12,0,best_val,LEAP,target,0.3125,in-training
LEAP,12,0,latest,LEAP,target,0.21875,in-training
LEAP,12,1,best_eval,LEAP,target,0.6875,in-training
LEAP,12,1,best_val,LEAP,target,0.375,in-training
LEAP,12,1,latest,LEAP,target,0.375,in-training
LEAP,12,2,best_eval,LEAP,target,0.46875,in-training
LEAP,12,2,best_val,LEAP,target,nan,in-training
LEAP,12,2,latest,LEAP,target,0.3125,in-training
LEAP,12,3,best_eval,LEAP,target,0.34375,in-training
LEAP,12,3,best_val,LEAP,target,nan,in-training
LEAP,12,3,latest,LEAP,target,0.34375,in-training
LEAP,14,0,best_eval,LEAP,target,0.4375,in-training
LEAP,14,0,best_val,LEAP,target,0.34375,in-training
LEAP,14,0,latest,LEAP,target,0.21875,in-training
LEAP,14,1,best_eval,LEAP,target,0.5625,in-training
LEAP,14,1,best_val,LEAP,target,nan,in-training
LEAP,14,1,latest,LEAP,target,0.5625,in-training
LEAP,14,2,best_eval,LEAP,target,0.5625,in-training
LEAP,14,2,best_val,LEAP,target,nan,in-training
LEAP,14,2,latest,LEAP,target,0.5625,in-training
LEAP,14,3,best_eval,LEAP,target,0.53125,in-training
LEAP,14,3,best_val,LEAP,target,nan,in-training
LEAP,14,3,latest,LEAP,target,0.28125,in-training
LEAP,16,0,best_eval,LEAP,target,0.5625,in-training
LEAP,16,0,best_val,LEAP,target,nan,in-training
LEAP,16,0,latest,LEAP,target,0.5,in-training
LEAP,16,1,best_eval,LEAP,target,0.59375,in-training
LEAP,16,1,best_val,LEAP,target,nan,in-training
LEAP,16,1,latest,LEAP,target,0.40625,in-training
LEAP,16,2,best_eval,LEAP,target,0.5,in-training
LEAP,16,2,best_val,LEAP,target,nan,in-training
LEAP,16,2,latest,LEAP,target,0.5,in-training
LEAP,16,3,best_eval,LEAP,target,0.5625,in-training
LEAP,16,3,best_val,LEAP,target,nan,in-training
LEAP,16,3,latest,LEAP,target,0.21875,in-training
LEAP,18,0,best_eval,LEAP,target,0.53125,in-training
LEAP,18,0,best_val,LEAP,target,0.40625,in-training
LEAP,18,0,latest,LEAP,target,0.5,in-training
LEAP,18,1,best_eval,LEAP,target,0.6875,in-training
LEAP,18,1,best_val,LEAP,target,nan,in-training
LEAP,18,1,latest,LEAP,target,0.34375,in-training
LEAP,18,2,best_eval,LEAP,target,0.5625,in-training
LEAP,18,2,best_val,LEAP,target,0.34375,in-training
LEAP,18,2,latest,LEAP,target,0.34375,in-training
LEAP,18,3,best_eval,LEAP,target,0.65625,in-training
LEAP,18,3,best_val,LEAP,target,nan,in-training
LEAP,18,3,latest,LEAP,target,0.40625,in-training
LEAP,1,0,best_eval,LEAP,target,0.375,in-training
LEAP,1,0,best_val,LEAP,target,nan,in-training
LEAP,1,0,latest,LEAP,target,0.375,in-training
LEAP,1,1,best_eval,LEAP,target,0.34375,in-training
LEAP,1,1,best_val,LEAP,target,nan,in-training
LEAP,1,1,latest,LEAP,target,0.34375,in-training
LEAP,1,2,best_eval,LEAP,target,0.375,in-training
LEAP,1,2,best_val,LEAP,target,0.1875,in-training
LEAP,1,2,latest,LEAP,target,0.1875,in-training
LEAP,1,3,best_eval,LEAP,target,0.4375,in-training
LEAP,1,3,best_val,LEAP,target,0.21875,in-training
LEAP,1,3,latest,LEAP,target,0.4375,in-training
LEAP,20,0,best_eval,LEAP,target,0.59375,in-training
LEAP,20,0,best_val,LEAP,target,nan,in-training
LEAP,20,0,latest,LEAP,target,0.59375,in-training
LEAP,20,1,best_eval,LEAP,target,0.59375,in-training
LEAP,20,1,best_val,LEAP,target,nan,in-training
LEAP,20,1,latest,LEAP,target,0.40625,in-training
LEAP,20,2,best_eval,LEAP,target,0.5625,in-training
LEAP,20,2,best_val,LEAP,target,nan,in-training
LEAP,20,2,latest,LEAP,target,0.4375,in-training
LEAP,20,3,best_eval,LEAP,target,0.5,in-training
LEAP,20,3,best_val,LEAP,target,nan,in-training
LEAP,20,3,latest,LEAP,target,0.46875,in-training
LEAP,25,0,best_eval,LEAP,target,0.59375,in-training
LEAP,25,0,best_val,LEAP,target,nan,in-training
LEAP,25,0,latest,LEAP,target,0.40625,in-training
LEAP,25,1,best_eval,LEAP,target,0.625,in-training
LEAP,25,1,best_val,LEAP,target,nan,in-training
LEAP,25,1,latest,LEAP,target,0.34375,in-training
LEAP,25,2,best_eval,LEAP,target,0.78125,in-training
LEAP,25,2,best_val,LEAP,target,0.5,in-training
LEAP,25,2,latest,LEAP,target,0.4375,in-training
LEAP,25,3,best_eval,LEAP,target,0.5,in-training
LEAP,25,3,best_val,LEAP,target,nan,in-training
LEAP,25,3,latest,LEAP,target,0.4375,in-training
LEAP,2,0,best_eval,LEAP,target,0.3125,in-training
LEAP,2,0,best_val,LEAP,target,0.3125,in-training
LEAP,2,0,latest,LEAP,target,0.25,in-training
LEAP,2,1,best_eval,LEAP,target,0.3125,in-training
LEAP,2,1,best_val,LEAP,target,0.3125,in-training
LEAP,2,1,latest,LEAP,target,0.3125,in-training
LEAP,2,2,best_eval,LEAP,target,0.375,in-training
LEAP,2,2,best_val,LEAP,target,nan,in-training
LEAP,2,2,latest,LEAP,target,0.375,in-training
LEAP,2,3,best_eval,LEAP,target,0.21875,in-training
LEAP,2,3,best_val,LEAP,target,nan,in-training
LEAP,2,3,latest,LEAP,target,0.21875,in-training
LEAP,3,0,best_eval,LEAP,target,0.1875,in-training
LEAP,3,0,best_val,LEAP,target,0.09375,in-training
LEAP,3,0,latest,LEAP,target,0.09375,in-training
LEAP,3,1,best_eval,LEAP,target,0.25,in-training
LEAP,3,1,best_val,LEAP,target,0.15625,in-training
LEAP,3,1,latest,LEAP,target,0.15625,in-training
LEAP,3,2,best_eval,LEAP,target,0.21875,in-training
LEAP,3,2,best_val,LEAP,target,0.21875,in-training
LEAP,3,2,latest,LEAP,target,0.1875,in-training
LEAP,3,3,best_eval,LEAP,target,0.28125,in-training
LEAP,3,3,best_val,LEAP,target,0.0625,in-training
LEAP,3,3,latest,LEAP,target,0.0625,in-training
LEAP,4,0,best_eval,LEAP,target,0.125,in-training
LEAP,4,0,best_val,LEAP,target,nan,in-training
LEAP,4,0,latest,LEAP,target,0.09375,in-training
LEAP,4,1,best_eval,LEAP,target,0.15625,in-training
LEAP,4,1,best_val,LEAP,target,nan,in-training
LEAP,4,1,latest,LEAP,target,0.15625,in-training
LEAP,4,2,best_eval,LEAP,target,0.3125,in-training
LEAP,4,2,best_val,LEAP,target,0.0625,in-training
LEAP,4,2,latest,LEAP,target,0.0625,in-training
LEAP,4,3,best_eval,LEAP,target,0.21875,in-training
LEAP,4,3,best_val,LEAP,target,0.0625,in-training
LEAP,4,3,latest,LEAP,target,0.03125,in-training
LEAP,5,0,best_eval,LEAP,target,0.375,in-training
LEAP,5,0,best_val,LEAP,target,0.125,in-training
LEAP,5,0,latest,LEAP,target,0.15625,in-training
LEAP,5,1,best_eval,LEAP,target,0.21875,in-training
LEAP,5,1,best_val,LEAP,target,0.09375,in-training
LEAP,5,1,latest,LEAP,target,0.125,in-training
LEAP,5,2,best_eval,LEAP,target,0.1875,in-training
LEAP,5,2,best_val,LEAP,target,nan,in-training
LEAP,5,2,latest,LEAP,target,0.1875,in-training
LEAP,5,3,best_eval,LEAP,target,0.25,in-training
LEAP,5,3,best_val,LEAP,target,nan,in-training
LEAP,5,3,latest,LEAP,target,0.15625,in-training
LEAP,6,0,best_eval,LEAP,target,0.21875,in-training
LEAP,6,0,best_val,LEAP,target,0.15625,in-training
LEAP,6,0,latest,LEAP,target,0.1875,in-training
LEAP,6,1,best_eval,LEAP,target,0.3125,in-training
LEAP,6,1,best_val,LEAP,target,0.3125,in-training
LEAP,6,1,latest,LEAP,target,0.3125,in-training
LEAP,6,2,best_eval,LEAP,target,0.28125,in-training
LEAP,6,2,best_val,LEAP,target,0.125,in-training
LEAP,6,2,latest,LEAP,target,0.1875,in-training
LEAP,6,3,best_eval,LEAP,target,0.28125,in-training
LEAP,6,3,best_val,LEAP,target,nan,in-training
LEAP,6,3,latest,LEAP,target,0.09375,in-training
LEAP,8,0,best_eval,LEAP,target,0.3125,in-training
LEAP,8,0,best_val,LEAP,target,nan,in-training
LEAP,8,0,latest,LEAP,target,0.15625,in-training
LEAP,8,1,best_eval,LEAP,target,0.34375,in-training
LEAP,8,1,best_val,LEAP,target,nan,in-training
LEAP,8,1,latest,LEAP,target,0.1875,in-training
LEAP,8,2,best_eval,LEAP,target,0.3125,in-training
LEAP,8,2,best_val,LEAP,target,nan,in-training
LEAP,8,2,latest,LEAP,target,0.25,in-training
LEAP,8,3,best_eval,LEAP,target,0.34375,in-training
LEAP,8,3,best_val,LEAP,target,nan,in-training
LEAP,8,3,latest,LEAP,target,0.34375,in-training
Shadow,0,0,best_eval,Shadow,target,0.03125,in-training
Shadow,0,0,best_val,Shadow,target,0.03125,in-training
Shadow,0,0,latest,Shadow,target,0.03125,in-training
Shadow,0,1,best_eval,Shadow,target,0.03125,in-training
Shadow,0,1,best_val,Shadow,target,0.0,in-training
Shadow,0,1,latest,Shadow,target,0.0,in-training
Shadow,0,2,best_eval,Shadow,target,0.03125,in-training
Shadow,0,2,best_val,Shadow,target,nan,in-training
Shadow,0,2,latest,Shadow,target,0.03125,in-training
Shadow,0,3,best_eval,Shadow,target,0.03125,in-training
Shadow,0,3,best_val,Shadow,target,0.03125,in-training
Shadow,0,3,latest,Shadow,target,0.0,in-training
Shadow,100,0,best_eval,Shadow,target,0.46875,in-training
Shadow,100,0,best_val,Shadow,target,nan,in-training
Shadow,100,0,latest,Shadow,target,0.28125,in-training
Shadow,100,1,best_eval,Shadow,target,0.46875,in-training
Shadow,100,1,best_val,Shadow,target,nan,in-training
Shadow,100,1,latest,Shadow,target,0.28125,in-training
Shadow,100,2,best_eval,Shadow,target,0.59375,in-training
Shadow,100,2,best_val,Shadow,target,nan,in-training
Shadow,100,2,latest,Shadow,target,0.375,in-training
Shadow,100,3,best_eval,Shadow,target,0.65625,in-training
Shadow,100,3,best_val,Shadow,target,nan,in-training
Shadow,100,3,latest,Shadow,target,0.40625,in-training
Shadow,10,0,best_eval,Shadow,target,0.21875,in-training
Shadow,10,0,best_val,Shadow,target,nan,in-training
Shadow,10,0,latest,Shadow,target,0.21875,in-training
Shadow,10,1,best_eval,Shadow,target,0.21875,in-training
Shadow,10,1,best_val,Shadow,target,nan,in-training
Shadow,10,1,latest,Shadow,target,0.0625,in-training
Shadow,10,2,best_eval,Shadow,target,0.21875,in-training
Shadow,10,2,best_val,Shadow,target,0.0625,in-training
Shadow,10,2,latest,Shadow,target,0.09375,in-training
Shadow,10,3,best_eval,Shadow,target,0.28125,in-training
Shadow,10,3,best_val,Shadow,target,nan,in-training
Shadow,10,3,latest,Shadow,target,0.09375,in-training
Shadow,12,0,best_eval,Shadow,target,0.125,in-training
Shadow,12,0,best_val,Shadow,target,nan,in-training
Shadow,12,0,latest,Shadow,target,0.09375,in-training
Shadow,12,1,best_eval,Shadow,target,0.1875,in-training
Shadow,12,1,best_val,Shadow,target,0.15625,in-training
Shadow,12,1,latest,Shadow,target,0.1875,in-training
Shadow,12,2,best_eval,Shadow,target,0.25,in-training
Shadow,12,2,best_val,Shadow,target,nan,in-training
Shadow,12,2,latest,Shadow,target,0.15625,in-training
Shadow,12,3,best_eval,Shadow,target,0.28125,in-training
Shadow,12,3,best_val,Shadow,target,nan,in-training
Shadow,12,3,latest,Shadow,target,0.15625,in-training
Shadow,14,0,best_eval,Shadow,target,0.28125,in-training
Shadow,14,0,best_val,Shadow,target,0.15625,in-training
Shadow,14,0,latest,Shadow,target,0.28125,in-training
Shadow,14,1,best_eval,Shadow,target,0.21875,in-training
Shadow,14,1,best_val,Shadow,target,nan,in-training
Shadow,14,1,latest,Shadow,target,0.15625,in-training
Shadow,14,2,best_eval,Shadow,target,0.1875,in-training
Shadow,14,2,best_val,Shadow,target,nan,in-training
Shadow,14,2,latest,Shadow,target,0.125,in-training
Shadow,14,3,best_eval,Shadow,target,0.34375,in-training
Shadow,14,3,best_val,Shadow,target,nan,in-training
Shadow,14,3,latest,Shadow,target,0.34375,in-training
Shadow,16,0,best_eval,Shadow,target,0.25,in-training
Shadow,16,0,best_val,Shadow,target,nan,in-training
Shadow,16,0,latest,Shadow,target,0.25,in-training
Shadow,16,1,best_eval,Shadow,target,0.34375,in-training
Shadow,16,1,best_val,Shadow,target,nan,in-training
Shadow,16,1,latest,Shadow,target,0.34375,in-training
Shadow,16,2,best_eval,Shadow,target,0.3125,in-training
Shadow,16,2,best_val,Shadow,target,nan,in-training
Shadow,16,2,latest,Shadow,target,0.1875,in-training
Shadow,16,3,best_eval,Shadow,target,0.28125,in-training
Shadow,16,3,best_val,Shadow,target,nan,in-training
Shadow,16,3,latest,Shadow,target,0.15625,in-training
Shadow,18,0,best_eval,Shadow,target,0.34375,in-training
Shadow,18,0,best_val,Shadow,target,nan,in-training
Shadow,18,0,latest,Shadow,target,0.21875,in-training
Shadow,18,1,best_eval,Shadow,target,0.28125,in-training
Shadow,18,1,best_val,Shadow,target,nan,in-training
Shadow,18,1,latest,Shadow,target,0.15625,in-training
Shadow,18,2,best_eval,Shadow,target,0.21875,in-training
Shadow,18,2,best_val,Shadow,target,nan,in-training
Shadow,18,2,latest,Shadow,target,0.15625,in-training
Shadow,18,3,best_eval,Shadow,target,0.34375,in-training
Shadow,18,3,best_val,Shadow,target,nan,in-training
Shadow,18,3,latest,Shadow,target,0.34375,in-training
Shadow,1,0,best_eval,Shadow,target,0.0625,in-training
Shadow,1,0,best_val,Shadow,target,nan,in-training
Shadow,1,0,latest,Shadow,target,0.0625,in-training
Shadow,1,1,best_eval,Shadow,target,0.0625,in-training
Shadow,1,1,best_val,Shadow,target,nan,in-training
Shadow,1,1,latest,Shadow,target,0.0,in-training
Shadow,1,2,best_eval,Shadow,target,0.0625,in-training
Shadow,1,2,best_val,Shadow,target,nan,in-training
Shadow,1,2,latest,Shadow,target,0.0625,in-training
Shadow,1,3,best_eval,Shadow,target,0.03125,in-training
Shadow,1,3,best_val,Shadow,target,nan,in-training
Shadow,1,3,latest,Shadow,target,0.0,in-training
Shadow,20,0,best_eval,Shadow,target,0.3125,in-training
Shadow,20,0,best_val,Shadow,target,nan,in-training
Shadow,20,0,latest,Shadow,target,0.15625,in-training
Shadow,20,1,best_eval,Shadow,target,0.28125,in-training
Shadow,20,1,best_val,Shadow,target,nan,in-training
Shadow,20,1,latest,Shadow,target,0.1875,in-training
Shadow,20,2,best_eval,Shadow,target,0.3125,in-training
Shadow,20,2,best_val,Shadow,target,nan,in-training
Shadow,20,2,latest,Shadow,target,0.15625,in-training
Shadow,20,3,best_eval,Shadow,target,0.40625,in-training
Shadow,20,3,best_val,Shadow,target,nan,in-training
Shadow,20,3,latest,Shadow,target,0.40625,in-training
Shadow,25,0,best_eval,Shadow,target,0.3125,in-training
Shadow,25,0,best_val,Shadow,target,nan,in-training
Shadow,25,0,latest,Shadow,target,0.3125,in-training
Shadow,25,1,best_eval,Shadow,target,0.40625,in-training
Shadow,25,1,best_val,Shadow,target,nan,in-training
Shadow,25,1,latest,Shadow,target,0.25,in-training
Shadow,25,2,best_eval,Shadow,target,0.375,in-training
Shadow,25,2,best_val,Shadow,target,nan,in-training
Shadow,25,2,latest,Shadow,target,0.15625,in-training
Shadow,25,3,best_eval,Shadow,target,0.34375,in-training
Shadow,25,3,best_val,Shadow,target,nan,in-training
Shadow,25,3,latest,Shadow,target,0.3125,in-training
Shadow,2,0,best_eval,Shadow,target,0.09375,in-training
Shadow,2,0,best_val,Shadow,target,nan,in-training
Shadow,2,0,latest,Shadow,target,0.0,in-training
Shadow,2,1,best_eval,Shadow,target,0.0625,in-training
Shadow,2,1,best_val,Shadow,target,nan,in-training
Shadow,2,1,latest,Shadow,target,0.0625,in-training
Shadow,2,2,best_eval,Shadow,target,0.09375,in-training
Shadow,2,2,best_val,Shadow,target,nan,in-training
Shadow,2,2,latest,Shadow,target,0.09375,in-training
Shadow,2,3,best_eval,Shadow,target,0.03125,in-training
Shadow,2,3,best_val,Shadow,target,nan,in-training
Shadow,2,3,latest,Shadow,target,0.03125,in-training
Shadow,3,0,best_eval,Shadow,target,0.03125,in-training
Shadow,3,0,best_val,Shadow,target,nan,in-training
Shadow,3,0,latest,Shadow,target,0.03125,in-training
Shadow,3,1,best_eval,Shadow,target,0.09375,in-training
Shadow,3,1,best_val,Shadow,target,nan,in-training
Shadow,3,1,latest,Shadow,target,0.03125,in-training
Shadow,3,2,best_eval,Shadow,target,0.0625,in-training
Shadow,3,2,best_val,Shadow,target,0.0,in-training
Shadow,3,2,latest,Shadow,target,0.03125,in-training
Shadow,3,3,best_eval,Shadow,target,0.0625,in-training
Shadow,3,3,best_val,Shadow,target,0.03125,in-training
Shadow,3,3,latest,Shadow,target,0.03125,in-training
Shadow,4,0,best_eval,Shadow,target,0.09375,in-training
Shadow,4,0,best_val,Shadow,target,nan,in-training
Shadow,4,0,latest,Shadow,target,0.0625,in-training
Shadow,4,1,best_eval,Shadow,target,0.0625,in-training
Shadow,4,1,best_val,Shadow,target,nan,in-training
Shadow,4,1,latest,Shadow,target,0.03125,in-training
Shadow,4,2,best_eval,Shadow,target,0.0625,in-training
Shadow,4,2,best_val,Shadow,target,0.0,in-training
Shadow,4,2,latest,Shadow,target,0.03125,in-training
Shadow,4,3,best_eval,Shadow,target,0.0625,in-training
Shadow,4,3,best_val,Shadow,target,0.0,in-training
Shadow,4,3,latest,Shadow,target,0.0,in-training
Shadow,5,0,best_eval,Shadow,target,0.125,in-training
Shadow,5,0,best_val,Shadow,target,nan,in-training
Shadow,5,0,latest,Shadow,target,0.0,in-training
Shadow,5,1,best_eval,Shadow,target,0.125,in-training
Shadow,5,1,best_val,Shadow,target,nan,in-training
Shadow,5,1,latest,Shadow,target,0.0625,in-training
Shadow,5,2,best_eval,Shadow,target,0.125,in-training
Shadow,5,2,best_val,Shadow,target,nan,in-training
Shadow,5,2,latest,Shadow,target,0.0625,in-training
Shadow,5,3,best_eval,Shadow,target,0.09375,in-training
Shadow,5,3,best_val,Shadow,target,nan,in-training
Shadow,5,3,latest,Shadow,target,0.09375,in-training
Shadow,6,0,best_eval,Shadow,target,0.1875,in-training
Shadow,6,0,best_val,Shadow,target,nan,in-training
Shadow,6,0,latest,Shadow,target,0.1875,in-training
Shadow,6,1,best_eval,Shadow,target,0.125,in-training
Shadow,6,1,best_val,Shadow,target,0.09375,in-training
Shadow,6,1,latest,Shadow,target,0.125,in-training
Shadow,6,2,best_eval,Shadow,target,0.125,in-training
Shadow,6,2,best_val,Shadow,target,nan,in-training
Shadow,6,2,latest,Shadow,target,0.0625,in-training
Shadow,6,3,best_eval,Shadow,target,0.15625,in-training
Shadow,6,3,best_val,Shadow,target,nan,in-training
Shadow,6,3,latest,Shadow,target,0.09375,in-training
Shadow,8,0,best_eval,Shadow,target,0.15625,in-training
Shadow,8,0,best_val,Shadow,target,0.15625,in-training
Shadow,8,0,latest,Shadow,target,0.0625,in-training
Shadow,8,1,best_eval,Shadow,target,0.25,in-training
Shadow,8,1,best_val,Shadow,target,nan,in-training
Shadow,8,1,latest,Shadow,target,0.25,in-training
Shadow,8,2,best_eval,Shadow,target,0.25,in-training
Shadow,8,2,best_val,Shadow,target,nan,in-training
Shadow,8,2,latest,Shadow,target,0.09375,in-training
Shadow,8,3,best_eval,Shadow,target,0.1875,in-training
Shadow,8,3,best_val,Shadow,target,nan,in-training
Shadow,8,3,latest,Shadow,target,0.09375,in-training
Sharpa,0,0,best_eval,Sharpa,target,0.03125,in-training
Sharpa,0,0,best_val,Sharpa,target,nan,in-training
Sharpa,0,0,latest,Sharpa,target,0.03125,in-training
Sharpa,0,1,best_eval,Sharpa,target,0.03125,in-training
Sharpa,0,1,best_val,Sharpa,target,nan,in-training
Sharpa,0,1,latest,Sharpa,target,0.0,in-training
Sharpa,0,2,best_eval,Sharpa,target,0.0625,in-training
Sharpa,0,2,best_val,Sharpa,target,nan,in-training
Sharpa,0,2,latest,Sharpa,target,0.0625,in-training
Sharpa,0,3,best_eval,Sharpa,target,0.125,in-training
Sharpa,0,3,best_val,Sharpa,target,0.03125,in-training
Sharpa,0,3,latest,Sharpa,target,0.125,in-training
Sharpa,100,0,best_eval,Sharpa,target,0.875,in-training
Sharpa,100,0,best_val,Sharpa,target,nan,in-training
Sharpa,100,0,latest,Sharpa,target,0.5625,in-training
Sharpa,100,1,best_eval,Sharpa,target,1.0,in-training
Sharpa,100,1,best_val,Sharpa,target,0.5,in-training
Sharpa,100,1,latest,Sharpa,target,0.5,in-training
Sharpa,100,2,best_eval,Sharpa,target,1.03125,in-training
Sharpa,100,2,best_val,Sharpa,target,nan,in-training
Sharpa,100,2,latest,Sharpa,target,0.6875,in-training
Sharpa,100,3,best_eval,Sharpa,target,0.78125,in-training
Sharpa,100,3,best_val,Sharpa,target,nan,in-training
Sharpa,100,3,latest,Sharpa,target,0.78125,in-training
Sharpa,10,0,best_eval,Sharpa,target,0.3125,in-training
Sharpa,10,0,best_val,Sharpa,target,0.21875,in-training
Sharpa,10,0,latest,Sharpa,target,0.21875,in-training
Sharpa,10,1,best_eval,Sharpa,target,0.34375,in-training
Sharpa,10,1,best_val,Sharpa,target,nan,in-training
Sharpa,10,1,latest,Sharpa,target,0.25,in-training
Sharpa,10,2,best_eval,Sharpa,target,0.34375,in-training
Sharpa,10,2,best_val,Sharpa,target,0.28125,in-training
Sharpa,10,2,latest,Sharpa,target,0.125,in-training
Sharpa,10,3,best_eval,Sharpa,target,0.28125,in-training
Sharpa,10,3,best_val,Sharpa,target,0.15625,in-training
Sharpa,10,3,latest,Sharpa,target,0.15625,in-training
Sharpa,12,0,best_eval,Sharpa,target,0.46875,in-training
Sharpa,12,0,best_val,Sharpa,target,nan,in-training
Sharpa,12,0,latest,Sharpa,target,0.46875,in-training
Sharpa,12,1,best_eval,Sharpa,target,0.5,in-training
Sharpa,12,1,best_val,Sharpa,target,nan,in-training
Sharpa,12,1,latest,Sharpa,target,0.125,in-training
Sharpa,12,2,best_eval,Sharpa,target,0.4375,in-training
Sharpa,12,2,best_val,Sharpa,target,nan,in-training
Sharpa,12,2,latest,Sharpa,target,0.3125,in-training
Sharpa,12,3,best_eval,Sharpa,target,0.375,in-training
Sharpa,12,3,best_val,Sharpa,target,nan,in-training
Sharpa,12,3,latest,Sharpa,target,0.28125,in-training
Sharpa,14,0,best_eval,Sharpa,target,0.4375,in-training
Sharpa,14,0,best_val,Sharpa,target,nan,in-training
Sharpa,14,0,latest,Sharpa,target,0.34375,in-training
Sharpa,14,1,best_eval,Sharpa,target,0.75,in-training
Sharpa,14,1,best_val,Sharpa,target,0.75,in-training
Sharpa,14,1,latest,Sharpa,target,0.75,in-training
Sharpa,14,2,best_eval,Sharpa,target,0.46875,in-training
Sharpa,14,2,best_val,Sharpa,target,nan,in-training
Sharpa,14,2,latest,Sharpa,target,0.1875,in-training
Sharpa,14,3,best_eval,Sharpa,target,0.34375,in-training
Sharpa,14,3,best_val,Sharpa,target,nan,in-training
Sharpa,14,3,latest,Sharpa,target,0.1875,in-training
Sharpa,16,0,best_eval,Sharpa,target,0.46875,in-training
Sharpa,16,0,best_val,Sharpa,target,nan,in-training
Sharpa,16,0,latest,Sharpa,target,0.46875,in-training
Sharpa,16,1,best_eval,Sharpa,target,0.46875,in-training
Sharpa,16,1,best_val,Sharpa,target,nan,in-training
Sharpa,16,1,latest,Sharpa,target,0.40625,in-training
Sharpa,16,2,best_eval,Sharpa,target,0.65625,in-training
Sharpa,16,2,best_val,Sharpa,target,nan,in-training
Sharpa,16,2,latest,Sharpa,target,0.28125,in-training
Sharpa,16,3,best_eval,Sharpa,target,0.53125,in-training
Sharpa,16,3,best_val,Sharpa,target,nan,in-training
Sharpa,16,3,latest,Sharpa,target,0.53125,in-training
Sharpa,18,0,best_eval,Sharpa,target,0.59375,in-training
Sharpa,18,0,best_val,Sharpa,target,0.59375,in-training
Sharpa,18,0,latest,Sharpa,target,0.59375,in-training
Sharpa,18,1,best_eval,Sharpa,target,0.59375,in-training
Sharpa,18,1,best_val,Sharpa,target,nan,in-training
Sharpa,18,1,latest,Sharpa,target,0.40625,in-training
Sharpa,18,2,best_eval,Sharpa,target,0.59375,in-training
Sharpa,18,2,best_val,Sharpa,target,nan,in-training
Sharpa,18,2,latest,Sharpa,target,0.3125,in-training
Sharpa,18,3,best_eval,Sharpa,target,0.40625,in-training
Sharpa,18,3,best_val,Sharpa,target,0.34375,in-training
Sharpa,18,3,latest,Sharpa,target,0.21875,in-training
Sharpa,1,0,best_eval,Sharpa,target,0.0625,in-training
Sharpa,1,0,best_val,Sharpa,target,0.03125,in-training
Sharpa,1,0,latest,Sharpa,target,0.03125,in-training
Sharpa,1,1,best_eval,Sharpa,target,0.125,in-training
Sharpa,1,1,best_val,Sharpa,target,nan,in-training
Sharpa,1,1,latest,Sharpa,target,0.125,in-training
Sharpa,1,2,best_eval,Sharpa,target,0.03125,in-training
Sharpa,1,2,best_val,Sharpa,target,nan,in-training
Sharpa,1,2,latest,Sharpa,target,0.03125,in-training
Sharpa,1,3,best_eval,Sharpa,target,0.0625,in-training
Sharpa,1,3,best_val,Sharpa,target,nan,in-training
Sharpa,1,3,latest,Sharpa,target,0.03125,in-training
Sharpa,20,0,best_eval,Sharpa,target,0.5,in-training
Sharpa,20,0,best_val,Sharpa,target,nan,in-training
Sharpa,20,0,latest,Sharpa,target,0.125,in-training
Sharpa,20,1,best_eval,Sharpa,target,0.53125,in-training
Sharpa,20,1,best_val,Sharpa,target,nan,in-training
Sharpa,20,1,latest,Sharpa,target,0.4375,in-training
Sharpa,20,2,best_eval,Sharpa,target,0.59375,in-training
Sharpa,20,2,best_val,Sharpa,target,nan,in-training
Sharpa,20,2,latest,Sharpa,target,0.40625,in-training
Sharpa,20,3,best_eval,Sharpa,target,0.53125,in-training
Sharpa,20,3,best_val,Sharpa,target,nan,in-training
Sharpa,20,3,latest,Sharpa,target,0.25,in-training
Sharpa,25,0,best_eval,Sharpa,target,0.59375,in-training
Sharpa,25,0,best_val,Sharpa,target,0.40625,in-training
Sharpa,25,0,latest,Sharpa,target,0.28125,in-training
Sharpa,25,1,best_eval,Sharpa,target,0.46875,in-training
Sharpa,25,1,best_val,Sharpa,target,0.46875,in-training
Sharpa,25,1,latest,Sharpa,target,0.375,in-training
Sharpa,25,2,best_eval,Sharpa,target,0.625,in-training
Sharpa,25,2,best_val,Sharpa,target,nan,in-training
Sharpa,25,2,latest,Sharpa,target,0.5,in-training
Sharpa,25,3,best_eval,Sharpa,target,0.59375,in-training
Sharpa,25,3,best_val,Sharpa,target,nan,in-training
Sharpa,25,3,latest,Sharpa,target,0.375,in-training
Sharpa,2,0,best_eval,Sharpa,target,0.03125,in-training
Sharpa,2,0,best_val,Sharpa,target,nan,in-training
Sharpa,2,0,latest,Sharpa,target,0.0,in-training
Sharpa,2,1,best_eval,Sharpa,target,0.09375,in-training
Sharpa,2,1,best_val,Sharpa,target,nan,in-training
Sharpa,2,1,latest,Sharpa,target,0.03125,in-training
Sharpa,2,2,best_eval,Sharpa,target,0.0625,in-training
Sharpa,2,2,best_val,Sharpa,target,nan,in-training
Sharpa,2,2,latest,Sharpa,target,0.0625,in-training
Sharpa,2,3,best_eval,Sharpa,target,0.0625,in-training
Sharpa,2,3,best_val,Sharpa,target,0.03125,in-training
Sharpa,2,3,latest,Sharpa,target,0.0,in-training
Sharpa,3,0,best_eval,Sharpa,target,0.0625,in-training
Sharpa,3,0,best_val,Sharpa,target,nan,in-training
Sharpa,3,0,latest,Sharpa,target,0.03125,in-training
Sharpa,3,1,best_eval,Sharpa,target,0.03125,in-training
Sharpa,3,1,best_val,Sharpa,target,0.0,in-training
Sharpa,3,1,latest,Sharpa,target,0.0,in-training
Sharpa,3,2,best_eval,Sharpa,target,0.15625,in-training
Sharpa,3,2,best_val,Sharpa,target,nan,in-training
Sharpa,3,2,latest,Sharpa,target,0.03125,in-training
Sharpa,3,3,best_eval,Sharpa,target,0.0625,in-training
Sharpa,3,3,best_val,Sharpa,target,0.0,in-training
Sharpa,3,3,latest,Sharpa,target,0.0,in-training
Sharpa,4,0,best_eval,Sharpa,target,0.15625,in-training
Sharpa,4,0,best_val,Sharpa,target,nan,in-training
Sharpa,4,0,latest,Sharpa,target,0.15625,in-training
Sharpa,4,1,best_eval,Sharpa,target,0.09375,in-training
Sharpa,4,1,best_val,Sharpa,target,nan,in-training
Sharpa,4,1,latest,Sharpa,target,0.0,in-training
Sharpa,4,2,best_eval,Sharpa,target,0.0625,in-training
Sharpa,4,2,best_val,Sharpa,target,nan,in-training
Sharpa,4,2,latest,Sharpa,target,0.0,in-training
Sharpa,4,3,best_eval,Sharpa,target,0.0625,in-training
Sharpa,4,3,best_val,Sharpa,target,nan,in-training
Sharpa,4,3,latest,Sharpa,target,0.0625,in-training
Sharpa,5,0,best_eval,Sharpa,target,0.09375,in-training
Sharpa,5,0,best_val,Sharpa,target,nan,in-training
Sharpa,5,0,latest,Sharpa,target,0.03125,in-training
Sharpa,5,1,best_eval,Sharpa,target,0.125,in-training
Sharpa,5,1,best_val,Sharpa,target,nan,in-training
Sharpa,5,1,latest,Sharpa,target,0.125,in-training
Sharpa,5,2,best_eval,Sharpa,target,0.09375,in-training
Sharpa,5,2,best_val,Sharpa,target,nan,in-training
Sharpa,5,2,latest,Sharpa,target,0.03125,in-training
Sharpa,5,3,best_eval,Sharpa,target,0.09375,in-training
Sharpa,5,3,best_val,Sharpa,target,0.0,in-training
Sharpa,5,3,latest,Sharpa,target,0.09375,in-training
Sharpa,6,0,best_eval,Sharpa,target,0.125,in-training
Sharpa,6,0,best_val,Sharpa,target,nan,in-training
Sharpa,6,0,latest,Sharpa,target,0.09375,in-training
Sharpa,6,1,best_eval,Sharpa,target,0.1875,in-training
Sharpa,6,1,best_val,Sharpa,target,nan,in-training
Sharpa,6,1,latest,Sharpa,target,0.1875,in-training
Sharpa,6,2,best_eval,Sharpa,target,0.1875,in-training
Sharpa,6,2,best_val,Sharpa,target,0.15625,in-training
Sharpa,6,2,latest,Sharpa,target,0.125,in-training
Sharpa,6,3,best_eval,Sharpa,target,0.1875,in-training
Sharpa,6,3,best_val,Sharpa,target,nan,in-training
Sharpa,6,3,latest,Sharpa,target,0.125,in-training
Sharpa,8,0,best_eval,Sharpa,target,0.15625,in-training
Sharpa,8,0,best_val,Sharpa,target,nan,in-training
Sharpa,8,0,latest,Sharpa,target,0.15625,in-training
Sharpa,8,1,best_eval,Sharpa,target,0.25,in-training
Sharpa,8,1,best_val,Sharpa,target,nan,in-training
Sharpa,8,1,latest,Sharpa,target,0.09375,in-training
Sharpa,8,2,best_eval,Sharpa,target,0.34375,in-training
Sharpa,8,2,best_val,Sharpa,target,nan,in-training
Sharpa,8,2,latest,Sharpa,target,0.09375,in-training
Sharpa,8,3,best_eval,Sharpa,target,0.1875,in-training
Sharpa,8,3,best_val,Sharpa,target,0.125,in-training
Sharpa,8,3,latest,Sharpa,target,0.0625,in-training
Wuji,0,0,best_eval,Wuji,target,0.03125,in-training
Wuji,0,0,best_val,Wuji,target,0.03125,in-training
Wuji,0,0,latest,Wuji,target,0.0,in-training
Wuji,0,1,best_eval,Wuji,target,0.125,in-training
Wuji,0,1,best_val,Wuji,target,nan,in-training
Wuji,0,1,latest,Wuji,target,0.03125,in-training
Wuji,0,2,best_eval,Wuji,target,0.125,in-training
Wuji,0,2,best_val,Wuji,target,nan,in-training
Wuji,0,2,latest,Wuji,target,0.125,in-training
Wuji,0,3,best_eval,Wuji,target,0.09375,in-training
Wuji,0,3,best_val,Wuji,target,nan,in-training
Wuji,0,3,latest,Wuji,target,0.03125,in-training
Wuji,100,0,best_eval,Wuji,target,1.15625,in-training
Wuji,100,0,best_val,Wuji,target,nan,in-training
Wuji,100,0,latest,Wuji,target,1.03125,in-training
Wuji,100,1,best_eval,Wuji,target,1.25,in-training
Wuji,100,1,best_val,Wuji,target,0.6875,in-training
Wuji,100,1,latest,Wuji,target,1.0,in-training
Wuji,100,2,best_eval,Wuji,target,1.3125,in-training
Wuji,100,2,best_val,Wuji,target,nan,in-training
Wuji,100,2,latest,Wuji,target,0.875,in-training
Wuji,100,3,best_eval,Wuji,target,1.375,in-training
Wuji,100,3,best_val,Wuji,target,nan,in-training
Wuji,100,3,latest,Wuji,target,0.875,in-training
Wuji,10,0,best_eval,Wuji,target,0.84375,in-training
Wuji,10,0,best_val,Wuji,target,nan,in-training
Wuji,10,0,latest,Wuji,target,0.75,in-training
Wuji,10,1,best_eval,Wuji,target,0.90625,in-training
Wuji,10,1,best_val,Wuji,target,nan,in-training
Wuji,10,1,latest,Wuji,target,0.6875,in-training
Wuji,10,2,best_eval,Wuji,target,0.9375,in-training
Wuji,10,2,best_val,Wuji,target,nan,in-training
Wuji,10,2,latest,Wuji,target,0.9375,in-training
Wuji,10,3,best_eval,Wuji,target,0.5625,in-training
Wuji,10,3,best_val,Wuji,target,nan,in-training
Wuji,10,3,latest,Wuji,target,0.5625,in-training
Wuji,12,0,best_eval,Wuji,target,0.84375,in-training
Wuji,12,0,best_val,Wuji,target,nan,in-training
Wuji,12,0,latest,Wuji,target,0.71875,in-training
Wuji,12,1,best_eval,Wuji,target,0.9375,in-training
Wuji,12,1,best_val,Wuji,target,0.875,in-training
Wuji,12,1,latest,Wuji,target,0.8125,in-training
Wuji,12,2,best_eval,Wuji,target,0.78125,in-training
Wuji,12,2,best_val,Wuji,target,nan,in-training
Wuji,12,2,latest,Wuji,target,0.65625,in-training
Wuji,12,3,best_eval,Wuji,target,0.9375,in-training
Wuji,12,3,best_val,Wuji,target,nan,in-training
Wuji,12,3,latest,Wuji,target,0.6875,in-training
Wuji,14,0,best_eval,Wuji,target,1.15625,in-training
Wuji,14,0,best_val,Wuji,target,nan,in-training
Wuji,14,0,latest,Wuji,target,0.875,in-training
Wuji,14,1,best_eval,Wuji,target,1.0625,in-training
Wuji,14,1,best_val,Wuji,target,nan,in-training
Wuji,14,1,latest,Wuji,target,1.0625,in-training
Wuji,14,2,best_eval,Wuji,target,1.34375,in-training
Wuji,14,2,best_val,Wuji,target,nan,in-training
Wuji,14,2,latest,Wuji,target,1.34375,in-training
Wuji,14,3,best_eval,Wuji,target,0.9375,in-training
Wuji,14,3,best_val,Wuji,target,nan,in-training
Wuji,14,3,latest,Wuji,target,0.53125,in-training
Wuji,16,0,best_eval,Wuji,target,1.21875,in-training
Wuji,16,0,best_val,Wuji,target,0.875,in-training
Wuji,16,0,latest,Wuji,target,0.875,in-training
Wuji,16,1,best_eval,Wuji,target,1.0,in-training
Wuji,16,1,best_val,Wuji,target,0.6875,in-training
Wuji,16,1,latest,Wuji,target,0.6875,in-training
Wuji,16,2,best_eval,Wuji,target,1.21875,in-training
Wuji,16,2,best_val,Wuji,target,nan,in-training
Wuji,16,2,latest,Wuji,target,0.875,in-training
Wuji,16,3,best_eval,Wuji,target,1.0,in-training
Wuji,16,3,best_val,Wuji,target,nan,in-training
Wuji,16,3,latest,Wuji,target,0.71875,in-training
Wuji,18,0,best_eval,Wuji,target,1.5,in-training
Wuji,18,0,best_val,Wuji,target,nan,in-training
Wuji,18,0,latest,Wuji,target,0.9375,in-training
Wuji,18,1,best_eval,Wuji,target,1.3125,in-training
Wuji,18,1,best_val,Wuji,target,nan,in-training
Wuji,18,1,latest,Wuji,target,0.75,in-training
Wuji,18,2,best_eval,Wuji,target,1.0,in-training
Wuji,18,2,best_val,Wuji,target,nan,in-training
Wuji,18,2,latest,Wuji,target,0.46875,in-training
Wuji,18,3,best_eval,Wuji,target,1.15625,in-training
Wuji,18,3,best_val,Wuji,target,nan,in-training
Wuji,18,3,latest,Wuji,target,0.96875,in-training
Wuji,1,0,best_eval,Wuji,target,0.0625,in-training
Wuji,1,0,best_val,Wuji,target,nan,in-training
Wuji,1,0,latest,Wuji,target,0.0625,in-training
Wuji,1,1,best_eval,Wuji,target,0.125,in-training
Wuji,1,1,best_val,Wuji,target,nan,in-training
Wuji,1,1,latest,Wuji,target,0.125,in-training
Wuji,1,2,best_eval,Wuji,target,0.09375,in-training
Wuji,1,2,best_val,Wuji,target,0.0,in-training
Wuji,1,2,latest,Wuji,target,0.0625,in-training
Wuji,1,3,best_eval,Wuji,target,0.09375,in-training
Wuji,1,3,best_val,Wuji,target,nan,in-training
Wuji,1,3,latest,Wuji,target,0.03125,in-training
Wuji,20,0,best_eval,Wuji,target,1.28125,in-training
Wuji,20,0,best_val,Wuji,target,nan,in-training
Wuji,20,0,latest,Wuji,target,0.90625,in-training
Wuji,20,1,best_eval,Wuji,target,1.0,in-training
Wuji,20,1,best_val,Wuji,target,nan,in-training
Wuji,20,1,latest,Wuji,target,0.75,in-training
Wuji,20,2,best_eval,Wuji,target,1.1875,in-training
Wuji,20,2,best_val,Wuji,target,1.1875,in-training
Wuji,20,2,latest,Wuji,target,1.0625,in-training
Wuji,20,3,best_eval,Wuji,target,1.21875,in-training
Wuji,20,3,best_val,Wuji,target,nan,in-training
Wuji,20,3,latest,Wuji,target,0.875,in-training
Wuji,25,0,best_eval,Wuji,target,1.5,in-training
Wuji,25,0,best_val,Wuji,target,nan,in-training
Wuji,25,0,latest,Wuji,target,1.03125,in-training
Wuji,25,1,best_eval,Wuji,target,1.3125,in-training
Wuji,25,1,best_val,Wuji,target,nan,in-training
Wuji,25,1,latest,Wuji,target,1.0,in-training
Wuji,25,2,best_eval,Wuji,target,1.28125,in-training
Wuji,25,2,best_val,Wuji,target,nan,in-training
Wuji,25,2,latest,Wuji,target,1.28125,in-training
Wuji,25,3,best_eval,Wuji,target,1.21875,in-training
Wuji,25,3,best_val,Wuji,target,nan,in-training
Wuji,25,3,latest,Wuji,target,1.0625,in-training
Wuji,2,0,best_eval,Wuji,target,0.09375,in-training
Wuji,2,0,best_val,Wuji,target,nan,in-training
Wuji,2,0,latest,Wuji,target,0.0625,in-training
Wuji,2,1,best_eval,Wuji,target,0.0625,in-training
Wuji,2,1,best_val,Wuji,target,nan,in-training
Wuji,2,1,latest,Wuji,target,0.0625,in-training
Wuji,2,2,best_eval,Wuji,target,0.0625,in-training
Wuji,2,2,best_val,Wuji,target,nan,in-training
Wuji,2,2,latest,Wuji,target,0.0,in-training
Wuji,2,3,best_eval,Wuji,target,0.09375,in-training
Wuji,2,3,best_val,Wuji,target,nan,in-training
Wuji,2,3,latest,Wuji,target,0.09375,in-training
Wuji,3,0,best_eval,Wuji,target,0.09375,in-training
Wuji,3,0,best_val,Wuji,target,nan,in-training
Wuji,3,0,latest,Wuji,target,0.0,in-training
Wuji,3,1,best_eval,Wuji,target,0.15625,in-training
Wuji,3,1,best_val,Wuji,target,nan,in-training
Wuji,3,1,latest,Wuji,target,0.15625,in-training
Wuji,3,2,best_eval,Wuji,target,0.0625,in-training
Wuji,3,2,best_val,Wuji,target,nan,in-training
Wuji,3,2,latest,Wuji,target,0.0,in-training
Wuji,3,3,best_eval,Wuji,target,0.15625,in-training
Wuji,3,3,best_val,Wuji,target,nan,in-training
Wuji,3,3,latest,Wuji,target,0.03125,in-training
Wuji,4,0,best_eval,Wuji,target,0.15625,in-training
Wuji,4,0,best_val,Wuji,target,nan,in-training
Wuji,4,0,latest,Wuji,target,0.0625,in-training
Wuji,4,1,best_eval,Wuji,target,0.09375,in-training
Wuji,4,1,best_val,Wuji,target,nan,in-training
Wuji,4,1,latest,Wuji,target,0.0625,in-training
Wuji,4,2,best_eval,Wuji,target,0.09375,in-training
Wuji,4,2,best_val,Wuji,target,nan,in-training
Wuji,4,2,latest,Wuji,target,0.09375,in-training
Wuji,4,3,best_eval,Wuji,target,0.09375,in-training
Wuji,4,3,best_val,Wuji,target,nan,in-training
Wuji,4,3,latest,Wuji,target,0.09375,in-training
Wuji,5,0,best_eval,Wuji,target,0.25,in-training
Wuji,5,0,best_val,Wuji,target,nan,in-training
Wuji,5,0,latest,Wuji,target,0.25,in-training
Wuji,5,1,best_eval,Wuji,target,0.15625,in-training
Wuji,5,1,best_val,Wuji,target,nan,in-training
Wuji,5,1,latest,Wuji,target,0.125,in-training
Wuji,5,2,best_eval,Wuji,target,0.15625,in-training
Wuji,5,2,best_val,Wuji,target,nan,in-training
Wuji,5,2,latest,Wuji,target,0.09375,in-training
Wuji,5,3,best_eval,Wuji,target,0.1875,in-training
Wuji,5,3,best_val,Wuji,target,nan,in-training
Wuji,5,3,latest,Wuji,target,0.09375,in-training
Wuji,6,0,best_eval,Wuji,target,0.34375,in-training
Wuji,6,0,best_val,Wuji,target,nan,in-training
Wuji,6,0,latest,Wuji,target,0.34375,in-training
Wuji,6,1,best_eval,Wuji,target,0.21875,in-training
Wuji,6,1,best_val,Wuji,target,0.15625,in-training
Wuji,6,1,latest,Wuji,target,0.15625,in-training
Wuji,6,2,best_eval,Wuji,target,0.34375,in-training
Wuji,6,2,best_val,Wuji,target,nan,in-training
Wuji,6,2,latest,Wuji,target,0.34375,in-training
Wuji,6,3,best_eval,Wuji,target,0.375,in-training
Wuji,6,3,best_val,Wuji,target,nan,in-training
Wuji,6,3,latest,Wuji,target,0.375,in-training
Wuji,8,0,best_eval,Wuji,target,0.59375,in-training
Wuji,8,0,best_val,Wuji,target,nan,in-training
Wuji,8,0,latest,Wuji,target,0.5,in-training
Wuji,8,1,best_eval,Wuji,target,0.5,in-training
Wuji,8,1,best_val,Wuji,target,0.1875,in-training
Wuji,8,1,latest,Wuji,target,0.375,in-training
Wuji,8,2,best_eval,Wuji,target,0.46875,in-training
Wuji,8,2,best_val,Wuji,target,nan,in-training
Wuji,8,2,latest,Wuji,target,0.3125,in-training
Wuji,8,3,best_eval,Wuji,target,0.5,in-training
Wuji,8,3,best_val,Wuji,target,nan,in-training
Wuji,8,3,latest,Wuji,target,0.4375,in-training
