set,target,sigma,seed,value,source,done,run,avg_rot_dist,avg_successes_before_drop,avg_survival_time_s,avg_targets_offered,completed_episodes,drop_rate,eval_time_s,per_target_success_rate,per_target_success_rate_incl_truncated,success_rate_any
random 50k draw,Allegro,0,0,0.72,rescore,True,InHand-Rotation-Allegro_sigma0_seed0,0.6443440207394006,0.72,9.9895,1.79,100.0,1.0,242.95896792411804,0.4022346368715084,0.4022346368715084,0.58
random 50k draw,Allegro,0,1,0.56,rescore,True,InHand-Rotation-Allegro_sigma0_seed1,0.6876405532013184,0.56,9.1995,1.72,100.0,1.0,242.21821284294128,0.32558139534883723,0.32558139534883723,0.46
random 50k draw,Allegro,0,2,0.85,rescore,True,InHand-Rotation-Allegro_sigma0_seed2,0.5983764282103644,0.85,12.105500000000001,2.04,100.0,0.9899999499320984,241.33731055259705,0.4030612244897959,0.4166666666666667,0.58
random 50k draw,Allegro,100,0,0.97,rescore,True,InHand-Rotation-Allegro_sigma100_seed0,0.46750342784084137,0.97,14.9415,2.39,100.0,1.0,229.26803588867188,0.40585774058577406,0.40585774058577406,0.71
random 50k draw,Allegro,100,1,0.9,rescore,True,InHand-Rotation-Allegro_sigma100_seed1,0.4735819099300149,0.9,14.7475,2.36,100.0,1.0,231.15910744667053,0.3813559322033898,0.3813559322033898,0.65
random 50k draw,Allegro,100,2,0.72,rescore,True,InHand-Rotation-Allegro_sigma100_seed2,0.5012733939930215,0.72,13.212000000000002,2.2,100.0,1.0,234.42642831802368,0.32727272727272727,0.32727272727272727,0.57
random 50k draw,Allegro,10,0,1.28,rescore,True,InHand-Rotation-Allegro_sigma10_seed0,0.46334287575883937,1.28,15.287500000000001,2.39,100.0,1.0,230.33736729621887,0.5355648535564853,0.5355648535564853,0.83
random 50k draw,Allegro,12,0,1.17,rescore,True,InHand-Rotation-Allegro_sigma12_seed0,0.43882962983004226,1.17,14.900500000000001,2.39,100.0,1.0,234.4353437423706,0.4895397489539749,0.4895397489539749,0.8
random 50k draw,Allegro,12,1,1.27,rescore,True,InHand-Rotation-Allegro_sigma12_seed1,0.4574976844898762,1.27,15.675,2.49,100.0,1.0,229.73162984848022,0.5100401606425703,0.5100401606425703,0.84
random 50k draw,Allegro,12,2,1.2,rescore,True,InHand-Rotation-Allegro_sigma12_seed2,0.43216580064898014,1.2,15.222000000000001,2.39,100.0,1.0,218.1828887462616,0.502092050209205,0.502092050209205,0.68
random 50k draw,Allegro,15,0,1.27,rescore,True,InHand-Rotation-Allegro_sigma15_seed0,0.4233452562904382,1.27,15.692,2.48,100.0,1.0,219.03406381607056,0.5120967741935484,0.5120967741935484,0.78
random 50k draw,Allegro,15,1,1.35,rescore,True,InHand-Rotation-Allegro_sigma15_seed1,0.4210734496974653,1.35,16.0305,2.46,100.0,1.0,229.9934663772583,0.5487804878048781,0.5487804878048781,0.76
random 50k draw,Allegro,15,2,1.1,rescore,True,InHand-Rotation-Allegro_sigma15_seed2,0.46328497572049254,1.1,13.7635,2.28,100.0,1.0,222.71631026268005,0.4824561403508772,0.4824561403508772,0.74
random 50k draw,Allegro,18,0,1.27,rescore,True,InHand-Rotation-Allegro_sigma18_seed0,0.4328222100794834,1.27,15.683500000000002,2.47,100.0,1.0,220.9574704170227,0.5141700404858299,0.5141700404858299,0.77
random 50k draw,Allegro,18,1,1.22,rescore,True,InHand-Rotation-Allegro_sigma18_seed1,0.4416123185671575,1.22,15.037500000000001,2.37,100.0,1.0,235.22732877731323,0.5147679324894515,0.5147679324894515,0.73
random 50k draw,Allegro,18,2,1.12,rescore,True,InHand-Rotation-Allegro_sigma18_seed2,0.4416482483481703,1.12,15.018,2.4,100.0,1.0,222.78026509284973,0.4666666666666667,0.4666666666666667,0.75
random 50k draw,Allegro,1,0,1.45,rescore,True,InHand-Rotation-Allegro_sigma1_seed0,0.47610528713173095,1.45,16.1535,2.49,100.0,0.9899999499320984,225.56334495544434,0.5726141078838174,0.5823293172690763,0.85
random 50k draw,Allegro,1,1,1.16,rescore,True,InHand-Rotation-Allegro_sigma1_seed1,0.4889555433336004,1.16,13.393,2.23,100.0,1.0,207.6823616027832,0.5201793721973094,0.5201793721973094,0.78
random 50k draw,Allegro,1,2,0.94,rescore,True,InHand-Rotation-Allegro_sigma1_seed2,0.5602222814932806,0.94,11.5175,1.99,100.0,1.0,211.9181592464447,0.4723618090452261,0.4723618090452261,0.69
random 50k draw,Allegro,20,0,1.12,rescore,True,InHand-Rotation-Allegro_sigma20_seed0,0.44940102057247644,1.12,14.654,2.36,100.0,1.0,235.09266018867493,0.4745762711864407,0.4745762711864407,0.72
random 50k draw,Allegro,20,1,1.2,rescore,True,InHand-Rotation-Allegro_sigma20_seed1,0.4161761035852737,1.2,14.877000000000002,2.42,100.0,1.0,221.72654247283936,0.49586776859504134,0.49586776859504134,0.76
random 50k draw,Allegro,20,2,0.94,rescore,True,InHand-Rotation-Allegro_sigma20_seed2,0.4678256883018618,0.94,13.737000000000002,2.27,100.0,1.0,221.57252860069275,0.41409691629955947,0.41409691629955947,0.72
random 50k draw,Allegro,2,0,1.36,rescore,True,InHand-Rotation-Allegro_sigma2_seed0,0.4700792873684354,1.36,14.939,2.42,100.0,1.0,226.27218008041382,0.5619834710743802,0.5619834710743802,0.78
random 50k draw,Allegro,2,1,1.06,rescore,True,InHand-Rotation-Allegro_sigma2_seed1,0.45886186592736583,1.06,12.458,2.13,100.0,1.0,224.8181610107422,0.49765258215962443,0.49765258215962443,0.73
random 50k draw,Allegro,2,2,1.14,rescore,True,InHand-Rotation-Allegro_sigma2_seed2,0.46464734945716674,1.14,13.273,2.22,100.0,1.0,201.40804624557495,0.5135135135135135,0.5135135135135135,0.78
random 50k draw,Allegro,30,0,0.87,rescore,True,InHand-Rotation-Allegro_sigma30_seed0,0.49668717953454344,0.87,13.335,2.23,100.0,1.0,219.59396052360535,0.3901345291479821,0.3901345291479821,0.67
random 50k draw,Allegro,3,0,1.47,rescore,True,InHand-Rotation-Allegro_sigma3_seed0,0.4130473018577293,1.47,15.790000000000001,2.48,100.0,1.0,203.78535175323486,0.592741935483871,0.592741935483871,0.91
random 50k draw,Allegro,3,1,1.18,rescore,True,InHand-Rotation-Allegro_sigma3_seed1,0.4701855777207522,1.18,14.108000000000002,2.26,100.0,1.0,221.50556445121765,0.5221238938053098,0.5221238938053098,0.76
random 50k draw,Allegro,3,2,1.28,rescore,True,InHand-Rotation-Allegro_sigma3_seed2,0.4966246697046989,1.28,14.824000000000002,2.37,100.0,1.0,191.5748257637024,0.540084388185654,0.540084388185654,0.83
random 50k draw,Allegro,40,0,0.85,rescore,True,InHand-Rotation-Allegro_sigma40_seed0,0.48081014443550635,0.85,12.332500000000001,2.14,100.0,1.0,218.93981671333313,0.397196261682243,0.397196261682243,0.66
random 50k draw,Allegro,50,0,0.93,rescore,True,InHand-Rotation-Allegro_sigma50_seed0,0.46675123741163577,0.93,14.9285,2.38,100.0,1.0,222.47100114822388,0.3907563025210084,0.3907563025210084,0.65
random 50k draw,Allegro,60,0,0.97,rescore,True,InHand-Rotation-Allegro_sigma60_seed0,0.4811282351825305,0.97,14.624000000000002,2.37,100.0,1.0,223.58516645431519,0.4092827004219409,0.4092827004219409,0.64
random 50k draw,Allegro,6,0,1.28,rescore,True,InHand-Rotation-Allegro_sigma6_seed0,0.43164199821627386,1.28,15.608500000000001,2.44,100.0,1.0,207.76862621307373,0.5245901639344263,0.5245901639344263,0.78
random 50k draw,Allegro,6,1,1.47,rescore,True,InHand-Rotation-Allegro_sigma6_seed1,0.43347607997747695,1.47,17.746000000000002,2.65,100.0,1.0,205.043199300766,0.5547169811320755,0.5547169811320755,0.83
random 50k draw,Allegro,6,2,1.25,rescore,True,InHand-Rotation-Allegro_sigma6_seed2,0.4464741089385185,1.25,14.539,2.36,100.0,1.0,188.46413326263428,0.5296610169491526,0.5296610169491526,0.79
random 50k draw,Allegro,70,0,0.88,rescore,True,InHand-Rotation-Allegro_sigma70_seed0,0.48520368108504575,0.88,13.8605,2.26,100.0,1.0,201.56514596939087,0.3893805309734513,0.3893805309734513,0.61
random 50k draw,Allegro,80,0,0.8,rescore,True,InHand-Rotation-Allegro_sigma80_seed0,0.507997372556769,0.8,14.862000000000002,2.37,100.0,1.0,203.99623465538025,0.33755274261603374,0.33755274261603374,0.59
random 50k draw,Allegro,90,0,0.93,rescore,True,InHand-Rotation-Allegro_sigma90_seed0,0.4748342904540432,0.93,15.091999999999999,2.4,100.0,1.0,204.02920794487,0.3875,0.3875,0.66
random 50k draw,Allegro,9,0,1.22,rescore,True,InHand-Rotation-Allegro_sigma9_seed0,0.4312305011100102,1.22,14.2225,2.29,100.0,1.0,223.39279794692993,0.5327510917030568,0.5327510917030568,0.78
random 50k draw,Allegro,9,1,1.38,rescore,True,InHand-Rotation-Allegro_sigma9_seed1,0.4171202125252815,1.38,15.866999999999999,2.49,100.0,1.0,191.115003824234,0.5542168674698795,0.5542168674698795,0.81
random 50k draw,Allegro,9,2,1.29,rescore,True,InHand-Rotation-Allegro_sigma9_seed2,0.44462117202353907,1.29,15.490000000000002,2.43,100.0,1.0,191.83338332176208,0.5308641975308642,0.5308641975308642,0.79
random 50k draw,LEAP,0,0,0.54,rescore,True,InHand-Rotation-LEAP_sigma0_seed0,0.770592525267478,0.54,8.8695,1.72,100.0,1.0,557.2344160079956,0.313953488372093,0.313953488372093,0.44
random 50k draw,LEAP,0,1,0.67,rescore,True,InHand-Rotation-LEAP_sigma0_seed1,0.7976794452612395,0.67,9.226,1.74,100.0,1.0,501.2284736633301,0.3850574712643678,0.3850574712643678,0.51
random 50k draw,LEAP,0,2,0.92,rescore,True,InHand-Rotation-LEAP_sigma0_seed2,0.7437592739844048,0.92,12.710500000000001,2.11,100.0,1.0,622.1692097187042,0.43601895734597157,0.43601895734597157,0.55
random 50k draw,LEAP,100,0,0.35,rescore,True,InHand-Rotation-LEAP_sigma100_seed0,0.6581798974638202,0.35,11.0485,1.93,100.0,1.0,484.2217872142792,0.18134715025906736,0.18134715025906736,0.28
random 50k draw,LEAP,100,1,0.43,rescore,True,InHand-Rotation-LEAP_sigma100_seed1,0.6169433002177863,0.43,12.81,2.15,100.0,1.0,517.2817125320435,0.2,0.2,0.32
random 50k draw,LEAP,100,2,0.47,rescore,True,InHand-Rotation-LEAP_sigma100_seed2,0.6761563044946723,0.47,10.515500000000001,1.89,100.0,1.0,530.1615979671478,0.24867724867724866,0.24867724867724866,0.39
random 50k draw,LEAP,10,0,0.85,rescore,True,InHand-Rotation-LEAP_sigma10_seed0,0.5940161577589171,0.85,11.5535,2.03,100.0,1.0,487.8496868610382,0.4187192118226601,0.4187192118226601,0.61
random 50k draw,LEAP,12,0,0.75,rescore,True,InHand-Rotation-LEAP_sigma12_seed0,0.5951742551387826,0.75,10.6035,1.93,100.0,1.0,491.10554480552673,0.38860103626943004,0.38860103626943004,0.55
random 50k draw,LEAP,12,1,0.84,rescore,True,InHand-Rotation-LEAP_sigma12_seed1,0.572679136222664,0.84,13.529499999999999,2.19,100.0,1.0,514.7647178173065,0.3835616438356164,0.3835616438356164,0.51
random 50k draw,LEAP,12,2,0.78,rescore,True,InHand-Rotation-LEAP_sigma12_seed2,0.6105048374373169,0.78,10.884,1.94,100.0,1.0,486.0366418361664,0.4020618556701031,0.4020618556701031,0.6
random 50k draw,LEAP,15,0,0.74,rescore,True,InHand-Rotation-LEAP_sigma15_seed0,0.6296171286769122,0.74,12.728000000000002,2.13,100.0,1.0,481.48321413993835,0.3474178403755869,0.3474178403755869,0.52
random 50k draw,LEAP,15,1,0.58,rescore,True,InHand-Rotation-LEAP_sigma15_seed1,0.6427734949515211,0.58,9.026000000000002,1.76,100.0,1.0,496.8144431114197,0.32954545454545453,0.32954545454545453,0.47
random 50k draw,LEAP,15,2,0.62,rescore,True,InHand-Rotation-LEAP_sigma15_seed2,0.6320278814576729,0.62,9.200000000000001,1.78,100.0,1.0,500.81105160713196,0.34831460674157305,0.34831460674157305,0.46
random 50k draw,LEAP,18,0,0.47,rescore,True,InHand-Rotation-LEAP_sigma18_seed0,0.6875437619747772,0.47,8.6635,1.69,100.0,1.0,499.3385214805603,0.2781065088757396,0.2781065088757396,0.37
random 50k draw,LEAP,18,1,0.69,rescore,True,InHand-Rotation-LEAP_sigma18_seed1,0.6002579904869796,0.69,11.865000000000002,2.02,100.0,1.0,490.38083052635193,0.3415841584158416,0.3415841584158416,0.53
random 50k draw,LEAP,18,2,0.56,rescore,True,InHand-Rotation-LEAP_sigma18_seed2,0.6570455111610137,0.56,10.3985,1.89,100.0,1.0,497.1811661720276,0.2962962962962963,0.2962962962962963,0.44
random 50k draw,LEAP,1,0,0.73,rescore,True,InHand-Rotation-LEAP_sigma1_seed0,0.7063248903113428,0.73,9.201500000000001,1.82,100.0,1.0,482.65770196914673,0.4010989010989011,0.4010989010989011,0.52
random 50k draw,LEAP,1,1,1.02,rescore,True,InHand-Rotation-LEAP_sigma1_seed1,0.6534082750788344,1.02,13.5565,2.23,100.0,1.0,471.1890432834625,0.45739910313901344,0.45739910313901344,0.68
random 50k draw,LEAP,1,2,0.78,rescore,True,InHand-Rotation-LEAP_sigma1_seed2,0.6681186009320212,0.78,10.752,1.95,100.0,1.0,486.8023340702057,0.4,0.4,0.62
random 50k draw,LEAP,20,0,0.58,rescore,True,InHand-Rotation-LEAP_sigma20_seed0,0.6702436891806521,0.58,11.01,1.96,100.0,1.0,495.40235233306885,0.29591836734693877,0.29591836734693877,0.43
random 50k draw,LEAP,20,1,0.39,rescore,True,InHand-Rotation-LEAP_sigma20_seed1,0.6759029497384993,0.39,9.334999999999999,1.8,100.0,1.0,525.0068519115448,0.21666666666666667,0.21666666666666667,0.36
random 50k draw,LEAP,20,2,0.64,rescore,True,InHand-Rotation-LEAP_sigma20_seed2,0.6303192565766698,0.64,10.55,1.91,100.0,1.0,536.2647438049316,0.33507853403141363,0.33507853403141363,0.47
random 50k draw,LEAP,2,0,0.88,rescore,True,InHand-Rotation-LEAP_sigma2_seed0,0.5995999583492191,0.88,11.3835,2.02,100.0,1.0,491.87261986732483,0.43564356435643564,0.43564356435643564,0.63
random 50k draw,LEAP,2,1,0.79,rescore,True,InHand-Rotation-LEAP_sigma2_seed1,0.7098621426275623,0.79,11.2795,1.99,100.0,1.0,484.6395173072815,0.3969849246231156,0.3969849246231156,0.57
random 50k draw,LEAP,2,2,0.9,rescore,True,InHand-Rotation-LEAP_sigma2_seed2,0.6265438058374282,0.9,11.9845,2.05,100.0,1.0,488.3316419124603,0.43902439024390244,0.43902439024390244,0.67
random 50k draw,LEAP,30,0,0.48,rescore,True,InHand-Rotation-LEAP_sigma30_seed0,0.6367478262197771,0.48,11.493000000000002,2.0,100.0,1.0,493.00920391082764,0.24,0.24,0.41
random 50k draw,LEAP,3,0,0.81,rescore,True,InHand-Rotation-LEAP_sigma3_seed0,0.6582730381746588,0.81,10.7735,1.93,100.0,1.0,492.19589471817017,0.41968911917098445,0.41968911917098445,0.55
random 50k draw,LEAP,3,1,0.95,rescore,True,InHand-Rotation-LEAP_sigma3_seed1,0.6191555358808495,0.95,12.252500000000001,2.1,100.0,1.0,495.0277769565582,0.4523809523809524,0.4523809523809524,0.67
random 50k draw,LEAP,3,2,0.9,rescore,True,InHand-Rotation-LEAP_sigma3_seed2,0.6288202652773025,0.9,12.26,2.1,100.0,1.0,738.9167139530182,0.42857142857142855,0.42857142857142855,0.58
random 50k draw,LEAP,40,0,0.34,rescore,True,InHand-Rotation-LEAP_sigma40_seed0,0.6565805958772867,0.34,8.854000000000001,1.75,100.0,1.0,489.550719499588,0.19428571428571428,0.19428571428571428,0.27
random 50k draw,LEAP,50,0,0.39,rescore,True,InHand-Rotation-LEAP_sigma50_seed0,0.6733809111481961,0.39,11.2835,1.97,100.0,1.0,485.52496671676636,0.19796954314720813,0.19796954314720813,0.34
random 50k draw,LEAP,60,0,0.49,rescore,True,InHand-Rotation-LEAP_sigma60_seed0,0.6564007036970672,0.49,12.261000000000001,2.09,100.0,1.0,483.64769744873047,0.23444976076555024,0.23444976076555024,0.42
random 50k draw,LEAP,6,0,0.8,rescore,True,InHand-Rotation-LEAP_sigma6_seed0,0.6181498894326561,0.8,12.360500000000002,2.11,100.0,1.0,486.2374632358551,0.3791469194312796,0.3791469194312796,0.6
random 50k draw,LEAP,6,1,0.81,rescore,True,InHand-Rotation-LEAP_sigma6_seed1,0.5800494922171565,0.81,11.525500000000001,2.05,100.0,1.0,487.0380880832672,0.3951219512195122,0.3951219512195122,0.57
random 50k draw,LEAP,6,2,0.72,rescore,True,InHand-Rotation-LEAP_sigma6_seed2,0.6081518933052191,0.72,9.6115,1.83,100.0,1.0,496.96803069114685,0.39344262295081966,0.39344262295081966,0.58
random 50k draw,LEAP,70,0,0.34,rescore,True,InHand-Rotation-LEAP_sigma70_seed0,0.7069575391358655,0.34,11.1605,1.96,100.0,1.0,541.3444955348969,0.17346938775510204,0.17346938775510204,0.25
random 50k draw,LEAP,80,0,0.31,rescore,True,InHand-Rotation-LEAP_sigma80_seed0,0.688781709015655,0.31,10.733,1.94,100.0,1.0,588.264476776123,0.15979381443298968,0.15979381443298968,0.26
random 50k draw,LEAP,90,0,0.49,rescore,True,InHand-Rotation-LEAP_sigma90_seed0,0.6409188443876893,0.49,11.7485,2.04,100.0,1.0,590.1259665489197,0.24019607843137256,0.24019607843137256,0.42
random 50k draw,LEAP,9,0,0.79,rescore,True,InHand-Rotation-LEAP_sigma9_seed0,0.6232986444461233,0.79,12.006,2.08,100.0,1.0,574.9542369842529,0.3798076923076923,0.3798076923076923,0.57
random 50k draw,LEAP,9,1,0.93,rescore,True,InHand-Rotation-LEAP_sigma9_seed1,0.5883190599268718,0.93,12.876,2.15,100.0,1.0,485.65489745140076,0.4325581395348837,0.4325581395348837,0.65
random 50k draw,LEAP,9,2,0.86,rescore,True,InHand-Rotation-LEAP_sigma9_seed2,0.6049031936643078,0.86,12.091500000000002,2.08,100.0,1.0,653.66685962677,0.41346153846153844,0.41346153846153844,0.59
random 50k draw,Shadow,0,0,0.32,rescore,True,InHand-Rotation-Shadow_sigma0_seed0,0.9843851009595854,0.32,6.579000000000001,1.43,100.0,1.0,244.58167243003845,0.22377622377622378,0.22377622377622378,0.25
random 50k draw,Shadow,0,1,0.12,rescore,True,InHand-Rotation-Shadow_sigma0_seed1,1.0489386676896877,0.12,3.544,1.2,100.0,1.0,319.0869097709656,0.1,0.1,0.11
random 50k draw,Shadow,0,2,0.08,rescore,True,InHand-Rotation-Shadow_sigma0_seed2,1.200866493124884,0.08,2.9715000000000003,1.15,100.0,1.0,250.11275482177734,0.06956521739130435,0.06956521739130435,0.08
random 50k draw,Shadow,100,0,0.48,rescore,True,InHand-Rotation-Shadow_sigma100_seed0,0.737272324171819,0.48,9.605,1.74,100.0,1.0,292.4200654029846,0.27586206896551724,0.27586206896551724,0.37
random 50k draw,Shadow,100,1,0.31,rescore,True,InHand-Rotation-Shadow_sigma100_seed1,0.7445047081790939,0.31,7.099,1.39,100.0,1.0,286.6663737297058,0.22302158273381295,0.22302158273381295,0.29
random 50k draw,Shadow,100,2,0.24,rescore,True,InHand-Rotation-Shadow_sigma100_seed2,0.7723037157013428,0.24,7.8705,1.5,100.0,1.0,302.88940143585205,0.16,0.16,0.24
random 50k draw,Shadow,10,0,0.55,rescore,True,InHand-Rotation-Shadow_sigma10_seed0,0.726014234292858,0.55,7.016500000000001,1.39,100.0,1.0,348.7289628982544,0.39568345323741005,0.39568345323741005,0.48
random 50k draw,Shadow,12,0,0.59,rescore,True,InHand-Rotation-Shadow_sigma12_seed0,0.740117929362941,0.59,7.234000000000001,1.38,100.0,1.0,339.99394822120667,0.427536231884058,0.427536231884058,0.52
random 50k draw,Shadow,12,1,0.63,rescore,True,InHand-Rotation-Shadow_sigma12_seed1,0.7088375395964389,0.63,7.916,1.52,100.0,1.0,291.9267497062683,0.4144736842105263,0.4144736842105263,0.57
random 50k draw,Shadow,12,2,0.62,rescore,True,InHand-Rotation-Shadow_sigma12_seed2,0.7241838825812027,0.62,7.938500000000001,1.5,100.0,1.0,319.218861579895,0.41333333333333333,0.41333333333333333,0.51
random 50k draw,Shadow,15,0,0.6,rescore,True,InHand-Rotation-Shadow_sigma15_seed0,0.6649189924028797,0.6,8.236,1.49,100.0,1.0,253.39644122123718,0.40268456375838924,0.40268456375838924,0.53
random 50k draw,Shadow,15,1,0.61,rescore,True,InHand-Rotation-Shadow_sigma15_seed1,0.6938180756554819,0.61,9.148000000000001,1.69,100.0,1.0,342.04237508773804,0.3609467455621302,0.3609467455621302,0.5
random 50k draw,Shadow,15,2,0.64,rescore,True,InHand-Rotation-Shadow_sigma15_seed2,0.7496557675943699,0.64,8.6315,1.56,100.0,1.0,306.69219040870667,0.41025641025641024,0.41025641025641024,0.55
random 50k draw,Shadow,18,0,0.4,rescore,True,InHand-Rotation-Shadow_sigma18_seed0,0.8666126629206661,0.4,6.362500000000001,1.37,100.0,1.0,315.8210656642914,0.291970802919708,0.291970802919708,0.35
random 50k draw,Shadow,18,1,0.68,rescore,True,InHand-Rotation-Shadow_sigma18_seed1,0.7040785595119042,0.68,8.966500000000002,1.57,100.0,1.0,299.4913053512573,0.43312101910828027,0.43312101910828027,0.48
random 50k draw,Shadow,18,2,0.61,rescore,True,InHand-Rotation-Shadow_sigma18_seed2,0.7184210935389956,0.61,8.406,1.55,100.0,1.0,343.2666289806366,0.3935483870967742,0.3935483870967742,0.52
random 50k draw,Shadow,1,0,0.42,rescore,True,InHand-Rotation-Shadow_sigma1_seed0,0.896861180890682,0.42,5.58,1.29,100.0,1.0,329.77994418144226,0.32558139534883723,0.32558139534883723,0.37
random 50k draw,Shadow,1,1,0.48,rescore,True,InHand-Rotation-Shadow_sigma1_seed1,0.8175106518274229,0.48,6.072500000000001,1.4,100.0,1.0,345.6454780101776,0.34285714285714286,0.34285714285714286,0.44
random 50k draw,Shadow,1,2,0.65,rescore,True,InHand-Rotation-Shadow_sigma1_seed2,0.7581080807170804,0.65,7.81,1.54,100.0,1.0,298.97621297836304,0.42207792207792205,0.42207792207792205,0.51
random 50k draw,Shadow,20,0,0.64,rescore,True,InHand-Rotation-Shadow_sigma20_seed0,0.6494450704497363,0.64,9.213,1.68,100.0,1.0,339.3073081970215,0.38095238095238093,0.38095238095238093,0.5
random 50k draw,Shadow,20,1,0.51,rescore,True,InHand-Rotation-Shadow_sigma20_seed1,0.7503564864167359,0.51,7.785,1.49,100.0,1.0,329.6787703037262,0.3422818791946309,0.3422818791946309,0.44
random 50k draw,Shadow,20,2,0.51,rescore,True,InHand-Rotation-Shadow_sigma20_seed2,0.7134341893786833,0.51,7.955500000000001,1.53,100.0,1.0,331.5204875469208,0.3333333333333333,0.3333333333333333,0.45
random 50k draw,Shadow,2,0,0.66,rescore,True,InHand-Rotation-Shadow_sigma2_seed0,0.7517681319538146,0.66,8.326,1.62,100.0,1.0,317.37858748435974,0.4074074074074074,0.4074074074074074,0.56
random 50k draw,Shadow,2,1,0.66,rescore,True,InHand-Rotation-Shadow_sigma2_seed1,0.7243263182478238,0.66,8.7425,1.63,100.0,1.0,364.5514512062073,0.4049079754601227,0.4049079754601227,0.52
random 50k draw,Shadow,2,2,0.53,rescore,True,InHand-Rotation-Shadow_sigma2_seed2,0.7864175867653661,0.53,6.518000000000001,1.48,100.0,1.0,346.6470880508423,0.3581081081081081,0.3581081081081081,0.46
random 50k draw,Shadow,30,0,0.45,rescore,True,InHand-Rotation-Shadow_sigma30_seed0,0.7384546726341347,0.45,7.882,1.46,100.0,1.0,245.60974383354187,0.3082191780821918,0.3082191780821918,0.4
random 50k draw,Shadow,3,0,0.4,rescore,True,InHand-Rotation-Shadow_sigma3_seed0,0.8141855101032085,0.4,5.3235,1.27,100.0,1.0,314.37221240997314,0.31496062992125984,0.31496062992125984,0.39
random 50k draw,Shadow,3,1,0.36,rescore,True,InHand-Rotation-Shadow_sigma3_seed1,0.8246147461508625,0.36,5.333500000000001,1.36,100.0,1.0,382.40156650543213,0.2647058823529412,0.2647058823529412,0.35
random 50k draw,Shadow,3,2,0.54,rescore,True,InHand-Rotation-Shadow_sigma3_seed2,0.7165404609553302,0.54,5.836500000000001,1.34,100.0,1.0,364.67766523361206,0.40298507462686567,0.40298507462686567,0.47
random 50k draw,Shadow,40,0,0.45,rescore,True,InHand-Rotation-Shadow_sigma40_seed0,0.7250868878853456,0.45,9.231,1.64,100.0,1.0,353.13574838638306,0.27439024390243905,0.27439024390243905,0.4
random 50k draw,Shadow,50,0,0.5,rescore,True,InHand-Rotation-Shadow_sigma50_seed0,0.7042048180341081,0.5,8.7845,1.64,100.0,1.0,352.9716958999634,0.3048780487804878,0.3048780487804878,0.4
random 50k draw,Shadow,60,0,0.38,rescore,True,InHand-Rotation-Shadow_sigma60_seed0,0.7303862507194937,0.38,8.7345,1.6,100.0,1.0,357.5528082847595,0.2375,0.2375,0.32
random 50k draw,Shadow,6,0,0.5,rescore,True,InHand-Rotation-Shadow_sigma6_seed0,0.851858001865497,0.5,5.9855,1.3,100.0,1.0,366.5456733703613,0.38461538461538464,0.38461538461538464,0.45
random 50k draw,Shadow,6,1,0.62,rescore,True,InHand-Rotation-Shadow_sigma6_seed1,0.6812652146825647,0.62,7.535,1.52,100.0,1.0,351.90957498550415,0.40789473684210525,0.40789473684210525,0.53
random 50k draw,Shadow,6,2,0.67,rescore,True,InHand-Rotation-Shadow_sigma6_seed2,0.6903780450708255,0.67,8.374500000000001,1.53,100.0,1.0,343.1770541667938,0.43790849673202614,0.43790849673202614,0.54
random 50k draw,Shadow,70,0,0.41,rescore,True,InHand-Rotation-Shadow_sigma70_seed0,0.7736438782350861,0.41,8.6635,1.6,100.0,1.0,319.7653148174286,0.25625,0.25625,0.35
random 50k draw,Shadow,80,0,0.4,rescore,True,InHand-Rotation-Shadow_sigma80_seed0,0.7345247356647767,0.4,8.268,1.6,100.0,1.0,363.9865562915802,0.25,0.25,0.32
random 50k draw,Shadow,90,0,0.32,rescore,True,InHand-Rotation-Shadow_sigma90_seed0,0.8076396227600569,0.32,7.6205,1.51,100.0,1.0,384.64832878112793,0.2119205298013245,0.2119205298013245,0.3
random 50k draw,Shadow,9,0,0.66,rescore,True,InHand-Rotation-Shadow_sigma9_seed0,0.7287519972664829,0.66,8.0175,1.48,100.0,1.0,346.62583899497986,0.44594594594594594,0.44594594594594594,0.54
random 50k draw,Shadow,9,1,0.58,rescore,True,InHand-Rotation-Shadow_sigma9_seed1,0.7213227562214943,0.58,7.3765,1.51,100.0,1.0,380.91111612319946,0.3841059602649007,0.3841059602649007,0.5
random 50k draw,Shadow,9,2,0.55,rescore,True,InHand-Rotation-Shadow_sigma9_seed2,0.7500424609399742,0.55,6.7595,1.37,100.0,1.0,375.91405749320984,0.40145985401459855,0.40145985401459855,0.44
random 50k draw,Sharpa,0,0,0.19,rescore,True,InHand-Rotation-Sharpa_sigma0_seed0,0.8117085707993417,0.19,3.817,1.24,100.0,1.0,409.7527930736542,0.1532258064516129,0.1532258064516129,0.16
random 50k draw,Sharpa,0,1,0.23,rescore,True,InHand-Rotation-Sharpa_sigma0_seed1,0.7519710108821255,0.23,3.2695000000000003,1.24,100.0,1.0,398.6936786174774,0.18548387096774194,0.18548387096774194,0.17
random 50k draw,Sharpa,0,2,0.18,rescore,True,InHand-Rotation-Sharpa_sigma0_seed2,0.8039409807668785,0.18,2.8515,1.18,100.0,1.0,434.31598711013794,0.15254237288135594,0.15254237288135594,0.15
random 50k draw,Sharpa,100,0,0.66,rescore,True,InHand-Rotation-Sharpa_sigma100_seed0,0.5646917531530851,0.66,9.347,1.74,100.0,1.0,379.9168288707733,0.3793103448275862,0.3793103448275862,0.51
random 50k draw,Sharpa,100,1,0.84,rescore,True,InHand-Rotation-Sharpa_sigma100_seed1,0.5328120821415213,0.84,12.665500000000002,2.11,100.0,1.0,411.1214802265167,0.3981042654028436,0.3981042654028436,0.59
random 50k draw,Sharpa,100,2,0.68,rescore,True,InHand-Rotation-Sharpa_sigma100_seed2,0.5385193348906229,0.68,11.388,1.97,100.0,1.0,379.2934482097626,0.34517766497461927,0.34517766497461927,0.56
random 50k draw,Sharpa,10,0,0.58,rescore,True,InHand-Rotation-Sharpa_sigma10_seed0,0.5541104511370383,0.58,7.7989999999999995,1.63,100.0,1.0,424.1604287624359,0.3558282208588957,0.3558282208588957,0.41
random 50k draw,Sharpa,12,0,0.45,rescore,True,InHand-Rotation-Sharpa_sigma12_seed0,0.6109229027861857,0.45,6.156000000000001,1.46,100.0,1.0,416.2558422088623,0.3082191780821918,0.3082191780821918,0.41
random 50k draw,Sharpa,12,1,0.45,rescore,True,InHand-Rotation-Sharpa_sigma12_seed1,0.6899267580454952,0.45,5.915500000000001,1.42,100.0,1.0,396.35093116760254,0.31690140845070425,0.31690140845070425,0.36
random 50k draw,Sharpa,12,2,0.57,rescore,True,InHand-Rotation-Sharpa_sigma12_seed2,0.6118112329626633,0.57,7.2505,1.55,100.0,1.0,420.79380917549133,0.36774193548387096,0.36774193548387096,0.42
random 50k draw,Sharpa,15,0,0.7,rescore,True,InHand-Rotation-Sharpa_sigma15_seed0,0.5759904621069419,0.7,9.9445,1.76,100.0,1.0,419.35507702827454,0.3977272727272727,0.3977272727272727,0.59
random 50k draw,Sharpa,15,1,0.73,rescore,True,InHand-Rotation-Sharpa_sigma15_seed1,0.5773811593754588,0.73,10.5075,1.87,100.0,1.0,409.34598779678345,0.39037433155080214,0.39037433155080214,0.56
random 50k draw,Sharpa,15,2,0.76,rescore,True,InHand-Rotation-Sharpa_sigma15_seed2,0.5181493782424829,0.76,11.5475,1.95,100.0,1.0,434.1091568470001,0.38974358974358975,0.38974358974358975,0.53
random 50k draw,Sharpa,18,0,0.76,rescore,True,InHand-Rotation-Sharpa_sigma18_seed0,0.5942793326237643,0.76,9.481,1.74,100.0,1.0,391.7918858528137,0.4367816091954023,0.4367816091954023,0.61
random 50k draw,Sharpa,18,1,0.69,rescore,True,InHand-Rotation-Sharpa_sigma18_seed1,0.5734340586460891,0.69,10.595,1.88,100.0,1.0,412.7510349750519,0.3670212765957447,0.3670212765957447,0.57
random 50k draw,Sharpa,18,2,0.77,rescore,True,InHand-Rotation-Sharpa_sigma18_seed2,0.5656203105013166,0.77,10.138,1.8,100.0,1.0,400.0025610923767,0.42777777777777776,0.42777777777777776,0.57
random 50k draw,Sharpa,1,0,0.29,rescore,True,InHand-Rotation-Sharpa_sigma1_seed0,0.7372223001530999,0.29,4.2195,1.25,100.0,1.0,423.3127839565277,0.232,0.232,0.27
random 50k draw,Sharpa,1,1,0.42,rescore,True,InHand-Rotation-Sharpa_sigma1_seed1,0.7099361645822965,0.42,5.5855,1.39,100.0,1.0,408.31202363967896,0.302158273381295,0.302158273381295,0.32
random 50k draw,Sharpa,1,2,0.42,rescore,True,InHand-Rotation-Sharpa_sigma1_seed2,0.6304977372458809,0.42,5.4750000000000005,1.43,100.0,1.0,400.0348403453827,0.2937062937062937,0.2937062937062937,0.33
random 50k draw,Sharpa,20,0,0.66,rescore,True,InHand-Rotation-Sharpa_sigma20_seed0,0.5845163852171013,0.66,10.145000000000001,1.8,100.0,1.0,421.3601269721985,0.36666666666666664,0.36666666666666664,0.48
random 50k draw,Sharpa,20,1,0.75,rescore,True,InHand-Rotation-Sharpa_sigma20_seed1,0.5640840581806696,0.75,11.268,1.86,100.0,1.0,410.8182089328766,0.4032258064516129,0.4032258064516129,0.58
random 50k draw,Sharpa,20,2,0.72,rescore,True,InHand-Rotation-Sharpa_sigma20_seed2,0.5911901096217062,0.72,10.2945,1.74,100.0,1.0,427.7341651916504,0.41379310344827586,0.41379310344827586,0.56
random 50k draw,Sharpa,2,0,0.13,rescore,True,InHand-Rotation-Sharpa_sigma2_seed0,0.8664647621585868,0.13,2.199,1.14,100.0,1.0,403.3786418437958,0.11403508771929824,0.11403508771929824,0.13
random 50k draw,Sharpa,2,1,0.16,rescore,True,InHand-Rotation-Sharpa_sigma2_seed1,0.801009888736767,0.16,2.9130000000000003,1.19,100.0,1.0,394.70493245124817,0.13445378151260504,0.13445378151260504,0.13
random 50k draw,Sharpa,2,2,0.22,rescore,True,InHand-Rotation-Sharpa_sigma2_seed2,0.7097544290626141,0.22,3.4815,1.25,100.0,1.0,398.41073179244995,0.176,0.176,0.17
random 50k draw,Sharpa,30,0,0.7,rescore,True,InHand-Rotation-Sharpa_sigma30_seed0,0.5700212334341239,0.7,11.279000000000002,1.89,100.0,1.0,412.40249514579773,0.37037037037037035,0.37037037037037035,0.55
random 50k draw,Sharpa,3,0,0.25,rescore,True,InHand-Rotation-Sharpa_sigma3_seed0,0.7428883594717725,0.25,3.5975,1.29,100.0,1.0,361.61490654945374,0.1937984496124031,0.1937984496124031,0.23
random 50k draw,Sharpa,3,1,0.07,rescore,True,InHand-Rotation-Sharpa_sigma3_seed1,0.9337541932969698,0.07,1.3710000000000002,1.08,100.0,1.0,441.5963325500488,0.06481481481481481,0.06481481481481481,0.05
random 50k draw,Sharpa,3,2,0.16,rescore,True,InHand-Rotation-Sharpa_sigma3_seed2,0.8520887145158196,0.16,2.674,1.19,100.0,1.0,396.73053884506226,0.13445378151260504,0.13445378151260504,0.16
random 50k draw,Sharpa,40,0,0.68,rescore,True,InHand-Rotation-Sharpa_sigma40_seed0,0.5385075521627305,0.68,11.9585,2.04,100.0,1.0,393.4244110584259,0.3333333333333333,0.3333333333333333,0.54
random 50k draw,Sharpa,50,0,0.91,rescore,True,InHand-Rotation-Sharpa_sigma50_seed0,0.5120902402893487,0.91,12.3925,2.13,100.0,1.0,407.55064249038696,0.4272300469483568,0.4272300469483568,0.62
random 50k draw,Sharpa,60,0,0.71,rescore,True,InHand-Rotation-Sharpa_sigma60_seed0,0.5464813393708584,0.71,11.412500000000001,2.0,100.0,1.0,399.32114362716675,0.355,0.355,0.58
random 50k draw,Sharpa,6,0,0.23,rescore,True,InHand-Rotation-Sharpa_sigma6_seed0,0.6744900324560156,0.23,3.354,1.2,100.0,1.0,410.9594371318817,0.19166666666666668,0.19166666666666668,0.18
random 50k draw,Sharpa,6,1,0.06,rescore,True,InHand-Rotation-Sharpa_sigma6_seed1,0.9470040275345293,0.06,1.8035,1.1,100.0,1.0,403.2649607658386,0.05454545454545454,0.05454545454545454,0.05
random 50k draw,Sharpa,6,2,0.14,rescore,True,InHand-Rotation-Sharpa_sigma6_seed2,0.7990396404721087,0.14,2.181,1.15,100.0,1.0,352.18699765205383,0.12173913043478261,0.12173913043478261,0.12
random 50k draw,Sharpa,70,0,0.71,rescore,True,InHand-Rotation-Sharpa_sigma70_seed0,0.5471491129915336,0.71,11.705,1.92,100.0,1.0,402.964875459671,0.3697916666666667,0.3697916666666667,0.56
random 50k draw,Sharpa,80,0,0.75,rescore,True,InHand-Rotation-Sharpa_sigma80_seed0,0.5387572234611168,0.75,10.9865,1.91,100.0,1.0,417.62177419662476,0.39267015706806285,0.39267015706806285,0.56
random 50k draw,Sharpa,90,0,0.69,rescore,True,InHand-Rotation-Sharpa_sigma90_seed0,0.5799741149461545,0.69,10.4595,1.9,100.0,1.0,385.3693096637726,0.3631578947368421,0.3631578947368421,0.58
random 50k draw,Sharpa,9,0,0.45,rescore,True,InHand-Rotation-Sharpa_sigma9_seed0,0.6122507526825703,0.45,6.0655,1.46,100.0,1.0,405.55251479148865,0.3082191780821918,0.3082191780821918,0.41
random 50k draw,Sharpa,9,1,0.5,rescore,True,InHand-Rotation-Sharpa_sigma9_seed1,0.6244126652533315,0.5,6.357500000000001,1.49,100.0,1.0,386.46333861351013,0.33557046979865773,0.33557046979865773,0.37
random 50k draw,Sharpa,9,2,0.44,rescore,True,InHand-Rotation-Sharpa_sigma9_seed2,0.6507495925138532,0.44,6.2875000000000005,1.35,100.0,1.0,384.3460102081299,0.32592592592592595,0.32592592592592595,0.37
random 50k draw,Wuji,0,0,0.4,rescore,True,InHand-Rotation-Wuji_sigma0_seed0,0.7872648422951166,0.4,6.2745,1.48,100.0,1.0,309.28933215141296,0.2702702702702703,0.2702702702702703,0.3
random 50k draw,Wuji,0,1,0.28,rescore,True,InHand-Rotation-Wuji_sigma0_seed1,0.8626664502878011,0.28,4.429,1.32,100.0,1.0,230.28354001045227,0.21212121212121213,0.21212121212121213,0.2
random 50k draw,Wuji,0,2,0.24,rescore,True,InHand-Rotation-Wuji_sigma0_seed2,1.0009988612083558,0.24,3.4240000000000004,1.23,100.0,1.0,384.9005365371704,0.1951219512195122,0.1951219512195122,0.18
random 50k draw,Wuji,100,0,0.75,rescore,True,InHand-Rotation-Wuji_sigma100_seed0,0.5811837107165025,0.75,12.188500000000001,2.06,100.0,1.0,283.780455827713,0.3640776699029126,0.3640776699029126,0.52
random 50k draw,Wuji,100,1,0.86,rescore,True,InHand-Rotation-Wuji_sigma100_seed1,0.5770943481286112,0.86,12.0725,2.07,100.0,1.0,350.2631802558899,0.41545893719806765,0.41545893719806765,0.51
random 50k draw,Wuji,100,2,0.81,rescore,True,InHand-Rotation-Wuji_sigma100_seed2,0.5846405590520072,0.81,14.083000000000002,2.24,100.0,1.0,303.5630428791046,0.36160714285714285,0.36160714285714285,0.55
random 50k draw,Wuji,10,0,0.98,rescore,True,InHand-Rotation-Wuji_sigma10_seed0,0.5622060465472072,0.98,12.704500000000001,2.16,100.0,1.0,344.35922265052795,0.4537037037037037,0.4537037037037037,0.58
random 50k draw,Wuji,12,0,1.04,rescore,True,InHand-Rotation-Wuji_sigma12_seed0,0.5535970822528247,1.04,12.893,2.15,100.0,1.0,247.81805968284607,0.48372093023255813,0.48372093023255813,0.7
random 50k draw,Wuji,12,1,0.94,rescore,True,InHand-Rotation-Wuji_sigma12_seed1,0.5806391362224435,0.94,12.704500000000001,2.14,100.0,1.0,304.6651518344879,0.4392523364485981,0.4392523364485981,0.63
random 50k draw,Wuji,12,2,1.03,rescore,True,InHand-Rotation-Wuji_sigma12_seed2,0.5495212193833613,1.03,12.805500000000002,2.15,100.0,1.0,172.7815215587616,0.4790697674418605,0.4790697674418605,0.61
random 50k draw,Wuji,15,0,1.13,rescore,True,InHand-Rotation-Wuji_sigma15_seed0,0.556634198958255,1.13,15.1415,2.37,100.0,1.0,335.67704343795776,0.4767932489451477,0.4767932489451477,0.75
random 50k draw,Wuji,15,1,0.84,rescore,True,InHand-Rotation-Wuji_sigma15_seed1,0.6016624326646539,0.84,11.598500000000001,2.02,100.0,1.0,303.90293049812317,0.4158415841584158,0.4158415841584158,0.55
random 50k draw,Wuji,15,2,0.87,rescore,True,InHand-Rotation-Wuji_sigma15_seed2,0.5963153216526761,0.87,11.911000000000001,2.03,100.0,1.0,351.03646969795227,0.42857142857142855,0.42857142857142855,0.63
random 50k draw,Wuji,18,0,0.83,rescore,True,InHand-Rotation-Wuji_sigma18_seed0,0.5693309083144117,0.83,11.768,2.05,100.0,1.0,233.62121176719666,0.40487804878048783,0.40487804878048783,0.59
random 50k draw,Wuji,18,1,0.88,rescore,True,InHand-Rotation-Wuji_sigma18_seed1,0.5762463439142284,0.88,11.552500000000002,2.0,100.0,1.0,267.5945177078247,0.44,0.44,0.57
random 50k draw,Wuji,18,2,1.04,rescore,True,InHand-Rotation-Wuji_sigma18_seed2,0.5478772261986936,1.04,13.793500000000002,2.24,100.0,1.0,217.32471656799316,0.4642857142857143,0.4642857142857143,0.64
random 50k draw,Wuji,1,0,0.52,rescore,True,InHand-Rotation-Wuji_sigma1_seed0,0.7248541029391735,0.52,6.880500000000001,1.55,100.0,1.0,301.22723054885864,0.33548387096774196,0.33548387096774196,0.33
random 50k draw,Wuji,1,1,0.57,rescore,True,InHand-Rotation-Wuji_sigma1_seed1,0.7345430920289302,0.57,7.6000000000000005,1.61,100.0,1.0,147.17958164215088,0.35403726708074534,0.35403726708074534,0.31
random 50k draw,Wuji,1,2,0.56,rescore,True,InHand-Rotation-Wuji_sigma1_seed2,0.7299874537095131,0.56,7.7835,1.67,100.0,1.0,308.8557639122009,0.33532934131736525,0.33532934131736525,0.31
random 50k draw,Wuji,20,0,1.21,rescore,True,InHand-Rotation-Wuji_sigma20_seed0,0.5355963281706917,1.21,15.416,2.44,100.0,1.0,278.4809217453003,0.4959016393442623,0.4959016393442623,0.75
random 50k draw,Wuji,20,1,1.06,rescore,True,InHand-Rotation-Wuji_sigma20_seed1,0.5546555369141517,1.06,14.4565,2.32,100.0,1.0,343.9913763999939,0.45689655172413796,0.45689655172413796,0.64
random 50k draw,Wuji,20,2,1.01,rescore,True,InHand-Rotation-Wuji_sigma20_seed2,0.546948649108074,1.01,13.64,2.21,100.0,1.0,217.7041003704071,0.45701357466063347,0.45701357466063347,0.63
random 50k draw,Wuji,2,0,0.71,rescore,True,InHand-Rotation-Wuji_sigma2_seed0,0.6609643432554938,0.71,9.2185,1.8,100.0,1.0,217.9837257862091,0.39444444444444443,0.39444444444444443,0.43
random 50k draw,Wuji,2,1,0.55,rescore,True,InHand-Rotation-Wuji_sigma2_seed1,0.6648110276700733,0.55,7.0315,1.59,100.0,1.0,162.67371606826782,0.34591194968553457,0.34591194968553457,0.28
random 50k draw,Wuji,2,2,0.59,rescore,True,InHand-Rotation-Wuji_sigma2_seed2,0.7408196467124987,0.59,7.267,1.57,100.0,1.0,229.90358519554138,0.37579617834394907,0.37579617834394907,0.34
random 50k draw,Wuji,30,0,1.08,rescore,True,InHand-Rotation-Wuji_sigma30_seed0,0.5312866161426811,1.08,15.2415,2.37,100.0,1.0,249.6727204322815,0.45569620253164556,0.45569620253164556,0.65
random 50k draw,Wuji,3,0,0.72,rescore,True,InHand-Rotation-Wuji_sigma3_seed0,0.6476028926595719,0.72,9.707500000000001,1.83,100.0,0.9899999499320984,284.92968225479126,0.37142857142857144,0.39344262295081966,0.42
random 50k draw,Wuji,3,1,0.56,rescore,True,InHand-Rotation-Wuji_sigma3_seed1,0.6830450299704496,0.56,7.5295000000000005,1.64,100.0,1.0,312.0797281265259,0.34146341463414637,0.34146341463414637,0.32
random 50k draw,Wuji,3,2,0.53,rescore,True,InHand-Rotation-Wuji_sigma3_seed2,0.6421896268277516,0.53,7.1445,1.6,100.0,1.0,300.5718216896057,0.33125,0.33125,0.33
random 50k draw,Wuji,40,0,0.93,rescore,True,InHand-Rotation-Wuji_sigma40_seed0,0.5410761312720163,0.93,13.405500000000002,2.19,100.0,1.0,252.0078158378601,0.4246575342465753,0.4246575342465753,0.62
random 50k draw,Wuji,50,0,0.81,rescore,True,InHand-Rotation-Wuji_sigma50_seed0,0.5673945242435886,0.81,12.214500000000001,2.07,100.0,1.0,318.13912200927734,0.391304347826087,0.391304347826087,0.57
random 50k draw,Wuji,60,0,1.1,rescore,True,InHand-Rotation-Wuji_sigma60_seed0,0.5519891863036762,1.1,15.451,2.42,100.0,0.9899999499320984,227.0558090209961,0.4444444444444444,0.45454545454545453,0.65
random 50k draw,Wuji,6,0,0.84,rescore,True,InHand-Rotation-Wuji_sigma6_seed0,0.5661501837544873,0.84,10.394,1.94,100.0,1.0,184.14593505859375,0.4329896907216495,0.4329896907216495,0.43
random 50k draw,Wuji,6,1,0.38,rescore,True,InHand-Rotation-Wuji_sigma6_seed1,0.7575275175070799,0.38,5.5295000000000005,1.45,100.0,1.0,106.34298872947693,0.2620689655172414,0.2620689655172414,0.26
random 50k draw,Wuji,6,2,0.5,rescore,True,InHand-Rotation-Wuji_sigma6_seed2,0.6749342756314957,0.5,6.899500000000001,1.56,100.0,1.0,221.21364045143127,0.32051282051282054,0.32051282051282054,0.3
random 50k draw,Wuji,70,0,0.77,rescore,True,InHand-Rotation-Wuji_sigma70_seed0,0.6203159489303002,0.77,11.161000000000001,1.97,100.0,1.0,177.80296850204468,0.39086294416243655,0.39086294416243655,0.52
random 50k draw,Wuji,80,0,0.88,rescore,True,InHand-Rotation-Wuji_sigma80_seed0,0.5597078396064115,0.88,13.437000000000001,2.21,100.0,1.0,188.17932677268982,0.39819004524886875,0.39819004524886875,0.57
random 50k draw,Wuji,90,0,0.88,rescore,True,InHand-Rotation-Wuji_sigma90_seed0,0.5730342568310748,0.88,13.227500000000001,2.15,100.0,1.0,282.3788356781006,0.40930232558139534,0.40930232558139534,0.56
random 50k draw,Wuji,9,0,1.08,rescore,True,InHand-Rotation-Wuji_sigma9_seed0,0.5662222755808021,1.08,13.801499999999999,2.28,100.0,1.0,187.85176372528076,0.47368421052631576,0.47368421052631576,0.66
random 50k draw,Wuji,9,1,1.01,rescore,True,InHand-Rotation-Wuji_sigma9_seed1,0.5895792858374728,1.01,13.426,2.19,100.0,0.9899999499320984,107.50134420394897,0.44549763033175355,0.4611872146118721,0.63
random 50k draw,Wuji,9,2,1.02,rescore,True,InHand-Rotation-Wuji_sigma9_seed2,0.5469332696505743,1.02,12.6085,2.13,100.0,1.0,158.78539061546326,0.4788732394366197,0.4788732394366197,0.63
first-100-episodes 50k (old),Allegro,0,0,0.86,rescore,True,InHand-Rotation-Allegro_sigma0_seed0,0.6060313470812705,0.86,11.652000000000001,2.01,100.0,1.0,227.43722772598267,0.42786069651741293,0.42786069651741293,0.57
first-100-episodes 50k (old),Allegro,0,1,0.69,rescore,True,InHand-Rotation-Allegro_sigma0_seed1,0.6837193449437093,0.69,9.927500000000002,1.78,100.0,1.0,231.85445380210876,0.38764044943820225,0.38764044943820225,0.51
first-100-episodes 50k (old),Allegro,100,0,0.97,rescore,True,InHand-Rotation-Allegro_sigma100_seed0,0.46280867847702717,0.97,14.590000000000002,2.37,100.0,1.0,218.83060789108276,0.4092827004219409,0.4092827004219409,0.7
first-100-episodes 50k (old),Allegro,100,1,0.93,rescore,True,InHand-Rotation-Allegro_sigma100_seed1,0.4832412623025411,0.93,15.5065,2.43,100.0,0.9899999499320984,219.64498257637024,0.37446808510638296,0.38271604938271603,0.62
first-100-episodes 50k (old),LEAP,0,0,0.75,rescore,True,InHand-Rotation-LEAP_sigma0_seed0,0.7344915695068955,0.75,9.835,1.83,100.0,1.0,489.2027680873871,0.4098360655737705,0.4098360655737705,0.55
first-100-episodes 50k (old),LEAP,0,1,0.53,rescore,True,InHand-Rotation-LEAP_sigma0_seed1,0.8141864697129967,0.53,8.106,1.64,100.0,1.0,501.65447449684143,0.3231707317073171,0.3231707317073171,0.41
first-100-episodes 50k (old),LEAP,100,0,0.6,rescore,True,InHand-Rotation-LEAP_sigma100_seed0,0.6138011402990873,0.6,13.912,2.23,100.0,1.0,476.5729990005493,0.26905829596412556,0.26905829596412556,0.48
first-100-episodes 50k (old),LEAP,100,1,0.59,rescore,True,InHand-Rotation-LEAP_sigma100_seed1,0.5955405673147215,0.59,13.134500000000001,2.18,100.0,1.0,484.316508769989,0.2706422018348624,0.2706422018348624,0.48
first-100-episodes 50k (old),Shadow,0,0,0.4,rescore,True,InHand-Rotation-Shadow_sigma0_seed0,0.8341238533895342,0.4,7.6225,1.47,100.0,1.0,352.8030343055725,0.272108843537415,0.272108843537415,0.36
first-100-episodes 50k (old),Shadow,0,1,0.34,rescore,True,InHand-Rotation-Shadow_sigma0_seed1,0.8599687565376735,0.34,5.6745,1.36,100.0,1.0,354.5732800960541,0.25,0.25,0.31
first-100-episodes 50k (old),Shadow,100,0,0.54,rescore,True,InHand-Rotation-Shadow_sigma100_seed0,0.6922935968880892,0.54,10.7125,1.84,100.0,1.0,335.4772980213165,0.29347826086956524,0.29347826086956524,0.45
first-100-episodes 50k (old),Shadow,100,1,0.48,rescore,True,InHand-Rotation-Shadow_sigma100_seed1,0.721273500322161,0.48,9.850000000000001,1.74,100.0,1.0,339.805951833725,0.27586206896551724,0.27586206896551724,0.43
first-100-episodes 50k (old),Sharpa,0,0,0.45,rescore,True,InHand-Rotation-Sharpa_sigma0_seed0,0.6567656258122823,0.45,5.511,1.4,100.0,1.0,432.9018270969391,0.32142857142857145,0.32142857142857145,0.41
first-100-episodes 50k (old),Sharpa,0,1,0.54,rescore,True,InHand-Rotation-Sharpa_sigma0_seed1,0.7015641698022633,0.54,7.304000000000001,1.53,100.0,1.0,436.58261275291443,0.35294117647058826,0.35294117647058826,0.44
first-100-episodes 50k (old),Sharpa,100,0,0.59,rescore,True,InHand-Rotation-Sharpa_sigma100_seed0,0.5820300626666616,0.59,10.616500000000002,1.87,100.0,1.0,426.4910819530487,0.3155080213903743,0.3155080213903743,0.5
first-100-episodes 50k (old),Sharpa,100,1,0.62,rescore,True,InHand-Rotation-Sharpa_sigma100_seed1,0.5699426124235838,0.62,11.639000000000001,1.98,100.0,1.0,422.14286279678345,0.31313131313131315,0.31313131313131315,0.43
first-100-episodes 50k (old),Wuji,0,0,0.66,rescore,True,InHand-Rotation-Wuji_sigma0_seed0,0.7324589567619447,0.66,9.719000000000001,1.81,100.0,1.0,288.81992626190186,0.36464088397790057,0.36464088397790057,0.39
first-100-episodes 50k (old),Wuji,0,1,0.56,rescore,True,InHand-Rotation-Wuji_sigma0_seed1,0.7876590834002725,0.56,7.699,1.6,100.0,1.0,298.84987020492554,0.35,0.35,0.4
first-100-episodes 50k (old),Wuji,100,0,0.99,rescore,True,InHand-Rotation-Wuji_sigma100_seed0,0.5571038949868805,0.99,14.327000000000002,2.33,100.0,1.0,275.69134044647217,0.4248927038626609,0.4248927038626609,0.65
first-100-episodes 50k (old),Wuji,100,1,0.94,rescore,True,InHand-Rotation-Wuji_sigma100_seed1,0.5441376039333657,0.94,14.761500000000002,2.35,100.0,0.9899999499320984,271.24682211875916,0.3876651982378855,0.4,0.59
