set,target,sigma,seed,value,source,done,run,avg_final_dist_to_first_goal_m,avg_time_to_success_s,completed_episodes,eval_time_s,success_rate
random 50k draw,Allegro,0,0,0.9,rescore,True,Grasp-Allegro_sigma0_seed0,0.28393961071968077,3.539555555555556,100.0,134.3259015083313,0.9
random 50k draw,Allegro,0,1,0.86,rescore,True,Grasp-Allegro_sigma0_seed1,0.2741792729496956,3.9137209302325577,100.0,132.12587928771973,0.86
random 50k draw,Allegro,0,2,0.84,rescore,True,Grasp-Allegro_sigma0_seed2,0.27082049965858457,4.475714285714286,100.0,130.6936492919922,0.84
random 50k draw,Allegro,100,0,0.1,rescore,True,Grasp-Allegro_sigma100_seed0,0.2686487340927124,5.824,100.0,132.59555959701538,0.1
random 50k draw,Allegro,100,1,0.19,rescore,True,Grasp-Allegro_sigma100_seed1,0.2510978180170059,4.454736842105263,100.0,131.49687361717224,0.19
random 50k draw,Allegro,100,2,0.22,rescore,True,Grasp-Allegro_sigma100_seed2,0.2646436995267868,5.179090909090909,100.0,128.331303358078,0.22
random 50k draw,Allegro,10,0,0.38,rescore,True,Grasp-Allegro_sigma10_seed0,0.28391256302595136,4.12421052631579,100.0,135.28783774375916,0.38
random 50k draw,Allegro,20,0,0.28,rescore,True,Grasp-Allegro_sigma20_seed0,0.2767463636398315,4.5528571428571425,100.0,133.34801197052002,0.28
random 50k draw,Allegro,30,0,0.17,rescore,True,Grasp-Allegro_sigma30_seed0,0.2525351893901825,4.869411764705882,100.0,133.4174222946167,0.17
random 50k draw,Allegro,40,0,0.25,rescore,True,Grasp-Allegro_sigma40_seed0,0.27082511156797406,5.76,100.0,134.99604511260986,0.25
random 50k draw,Allegro,50,0,0.16,rescore,True,Grasp-Allegro_sigma50_seed0,0.26594982981681825,4.08125,100.0,131.93910384178162,0.16
random 50k draw,Allegro,60,0,0.23,rescore,True,Grasp-Allegro_sigma60_seed0,0.2712626516819,5.126086956521739,100.0,132.8838665485382,0.23
random 50k draw,Allegro,70,0,0.17,rescore,True,Grasp-Allegro_sigma70_seed0,0.26296952962875364,4.935294117647059,100.0,131.38596367835999,0.17
random 50k draw,Allegro,80,0,0.15,rescore,True,Grasp-Allegro_sigma80_seed0,0.27978345394134524,4.5,100.0,132.3330283164978,0.15
random 50k draw,Allegro,90,0,0.14,rescore,True,Grasp-Allegro_sigma90_seed0,0.27717119693756104,4.234285714285715,100.0,132.16752743721008,0.14
random 50k draw,LEAP,0,0,0.38,rescore,True,Grasp-LEAP_sigma0_seed0,0.3333692759275436,5.118947368421053,100.0,237.1025984287262,0.38
random 50k draw,LEAP,0,1,0.18,rescore,True,Grasp-LEAP_sigma0_seed1,0.31553559482097626,4.883333333333333,100.0,244.42027711868286,0.18
random 50k draw,LEAP,0,2,0.3125,provisional,False,Grasp-LEAP_sigma0_seed2,0.3042958863079548,4.812,32.0,174.00251150131226,0.3125
random 50k draw,LEAP,100,0,0.04,rescore,True,Grasp-LEAP_sigma100_seed0,0.3076657071709633,7.955,100.0,246.327388048172,0.04
random 50k draw,LEAP,100,1,0.08,rescore,True,Grasp-LEAP_sigma100_seed1,0.3000911557674408,5.83,100.0,243.2538869380951,0.08
random 50k draw,LEAP,100,2,0.07,rescore,True,Grasp-LEAP_sigma100_seed2,0.3172246038913727,5.5200000000000005,100.0,244.73904991149902,0.07
random 50k draw,LEAP,10,0,0.15,rescore,True,Grasp-LEAP_sigma10_seed0,0.28324041128158567,2.8453333333333335,100.0,243.74291610717773,0.15
random 50k draw,LEAP,20,0,0.16,rescore,True,Grasp-LEAP_sigma20_seed0,0.29183434933423996,8.2725,100.0,244.52554297447205,0.16
random 50k draw,LEAP,30,0,0.08,rescore,True,Grasp-LEAP_sigma30_seed0,0.2763808351755142,7.305,100.0,241.422105550766,0.08
random 50k draw,LEAP,40,0,0.05,rescore,True,Grasp-LEAP_sigma40_seed0,0.3064390590786934,5.528,100.0,238.28531956672668,0.05
random 50k draw,LEAP,50,0,0.12,rescore,True,Grasp-LEAP_sigma50_seed0,0.29042299538850785,7.966666666666667,100.0,243.3114731311798,0.12
random 50k draw,LEAP,60,0,0.08,rescore,True,Grasp-LEAP_sigma60_seed0,0.289641335606575,6.48,100.0,245.34175562858582,0.08
random 50k draw,LEAP,70,0,0.05,rescore,True,Grasp-LEAP_sigma70_seed0,0.2905234196782112,4.244,100.0,240.5355191230774,0.05
random 50k draw,LEAP,80,0,0.06,rescore,True,Grasp-LEAP_sigma80_seed0,0.2894142973423004,10.716666666666667,100.0,241.36778140068054,0.06
random 50k draw,LEAP,90,0,0.06,rescore,True,Grasp-LEAP_sigma90_seed0,0.30066568732261656,4.926666666666667,100.0,244.66290378570557,0.06
random 50k draw,Shadow,0,0,0.41,rescore,True,Grasp-Shadow_sigma0_seed0,0.41716295838356016,3.318536585365854,100.0,180.64131426811218,0.41
random 50k draw,Shadow,0,1,0.38,rescore,True,Grasp-Shadow_sigma0_seed1,0.4574675953388214,4.599473684210527,100.0,179.78730010986328,0.38
random 50k draw,Shadow,0,2,0.31,rescore,True,Grasp-Shadow_sigma0_seed2,0.44592765629291536,3.674193548387097,100.0,172.81904244422913,0.31
random 50k draw,Shadow,100,0,0.15,rescore,True,Grasp-Shadow_sigma100_seed0,0.4008504268527031,5.218666666666667,100.0,169.02667951583862,0.15
random 50k draw,Shadow,100,1,0.16,rescore,True,Grasp-Shadow_sigma100_seed1,0.3979788187146187,5.97125,100.0,165.1713788509369,0.16
random 50k draw,Shadow,100,2,0.1,rescore,True,Grasp-Shadow_sigma100_seed2,0.4017661264538765,6.176,100.0,168.11360239982605,0.1
random 50k draw,Shadow,10,0,0.41,rescore,True,Grasp-Shadow_sigma10_seed0,0.3890158089995384,5.41609756097561,100.0,173.7011182308197,0.41
random 50k draw,Shadow,20,0,0.29,rescore,True,Grasp-Shadow_sigma20_seed0,0.40505649894475937,4.995172413793104,100.0,174.61372447013855,0.29
random 50k draw,Shadow,30,0,0.17,rescore,True,Grasp-Shadow_sigma30_seed0,0.36637548595666886,5.143529411764706,100.0,169.05629563331604,0.17
random 50k draw,Shadow,40,0,0.13,rescore,True,Grasp-Shadow_sigma40_seed0,0.39579806238412857,4.78,100.0,170.8765149116516,0.13
random 50k draw,Shadow,50,0,0.13,rescore,True,Grasp-Shadow_sigma50_seed0,0.36767992287874224,3.4461538461538463,100.0,165.5763454437256,0.13
random 50k draw,Shadow,60,0,0.12,rescore,True,Grasp-Shadow_sigma60_seed0,0.44095139503479003,5.2,100.0,169.22390580177307,0.12
random 50k draw,Shadow,70,0,0.14,rescore,True,Grasp-Shadow_sigma70_seed0,0.4044440856575966,5.698571428571429,100.0,167.86225199699402,0.14
random 50k draw,Shadow,80,0,0.13,rescore,True,Grasp-Shadow_sigma80_seed0,0.37528179854154586,4.530769230769231,100.0,169.32958340644836,0.13
random 50k draw,Shadow,90,0,0.18,rescore,True,Grasp-Shadow_sigma90_seed0,0.3802847802639008,6.003333333333334,100.0,172.36207842826843,0.18
random 50k draw,Sharpa,0,0,0.67,rescore,True,Grasp-Sharpa_sigma0_seed0,0.3001537436246872,3.985970149253731,100.0,185.55388689041138,0.67
random 50k draw,Sharpa,0,1,0.48,rescore,True,Grasp-Sharpa_sigma0_seed1,0.264404708147049,3.765,100.0,179.65642189979553,0.48
random 50k draw,Sharpa,0,2,0.42,rescore,True,Grasp-Sharpa_sigma0_seed2,0.3119767951965332,4.397619047619048,100.0,185.0134243965149,0.42
random 50k draw,Sharpa,100,0,0.05,rescore,True,Grasp-Sharpa_sigma100_seed0,0.2732026642560959,6.028,100.0,172.98619103431702,0.05
random 50k draw,Sharpa,100,1,0.03,rescore,True,Grasp-Sharpa_sigma100_seed1,0.2586600112915039,7.766666666666667,100.0,176.33006620407104,0.03
random 50k draw,Sharpa,100,2,0.01,rescore,True,Grasp-Sharpa_sigma100_seed2,0.27206439077854155,5.2,100.0,172.4020893573761,0.01
random 50k draw,Sharpa,10,0,0.23,rescore,True,Grasp-Sharpa_sigma10_seed0,0.2564079666137695,7.587826086956522,100.0,181.84970688819885,0.23
random 50k draw,Sharpa,20,0,0.11,rescore,True,Grasp-Sharpa_sigma20_seed0,0.26985103607177735,8.194545454545455,100.0,178.24669289588928,0.11
random 50k draw,Sharpa,30,0,0.06,rescore,True,Grasp-Sharpa_sigma30_seed0,0.26099164962768556,6.626666666666666,100.0,173.4898087978363,0.06
random 50k draw,Sharpa,40,0,0.07,rescore,True,Grasp-Sharpa_sigma40_seed0,0.26908556222915647,7.937142857142857,100.0,171.33128309249878,0.07
random 50k draw,Sharpa,50,0,0.07,rescore,True,Grasp-Sharpa_sigma50_seed0,0.26480745315551757,6.42,100.0,170.6904456615448,0.07
random 50k draw,Sharpa,60,0,0.05,rescore,True,Grasp-Sharpa_sigma60_seed0,0.2617287826538086,6.38,100.0,175.51582527160645,0.05
random 50k draw,Sharpa,70,0,0.1,rescore,True,Grasp-Sharpa_sigma70_seed0,0.2681244659423828,7.906000000000001,100.0,174.83998918533325,0.1
random 50k draw,Sharpa,80,0,0.07,rescore,True,Grasp-Sharpa_sigma80_seed0,0.2624041748046875,8.465714285714286,100.0,177.38808059692383,0.07
random 50k draw,Sharpa,90,0,0.03,rescore,True,Grasp-Sharpa_sigma90_seed0,0.2675630569458008,8.486666666666666,100.0,170.13479804992676,0.03
random 50k draw,Wuji,0,0,0.75,rescore,True,Grasp-Wuji_sigma0_seed0,0.27559981495141983,3.7488,100.0,162.29627895355225,0.75
random 50k draw,Wuji,0,1,0.76,rescore,True,Grasp-Wuji_sigma0_seed1,0.2567466351389885,3.9907894736842104,100.0,157.01913905143738,0.76
random 50k draw,Wuji,0,2,0.66,rescore,True,Grasp-Wuji_sigma0_seed2,0.3056089624762535,4.845757575757576,100.0,161.70796012878418,0.66
random 50k draw,Wuji,100,0,0.07,rescore,True,Grasp-Wuji_sigma100_seed0,0.2641776257753372,6.08,100.0,160.44655394554138,0.07
random 50k draw,Wuji,100,1,0.11,rescore,True,Grasp-Wuji_sigma100_seed1,0.26301965713500974,5.9381818181818184,100.0,155.4710340499878,0.11
random 50k draw,Wuji,100,2,0.07,rescore,True,Grasp-Wuji_sigma100_seed2,0.27895874619483946,7.862857142857144,100.0,159.52805948257446,0.07
random 50k draw,Wuji,10,0,0.3,rescore,True,Grasp-Wuji_sigma10_seed0,0.2756146615743637,5.769333333333333,100.0,156.7304277420044,0.3
random 50k draw,Wuji,20,0,0.16,rescore,True,Grasp-Wuji_sigma20_seed0,0.2559994697570801,6.005,100.0,157.62932777404785,0.16
random 50k draw,Wuji,30,0,0.11,rescore,True,Grasp-Wuji_sigma30_seed0,0.25855257987976077,5.152727272727272,100.0,156.31787371635437,0.11
random 50k draw,Wuji,40,0,0.12,rescore,True,Grasp-Wuji_sigma40_seed0,0.2651785278320313,4.136666666666667,100.0,159.70395827293396,0.12
random 50k draw,Wuji,50,0,0.13,rescore,True,Grasp-Wuji_sigma50_seed0,0.2681142044067383,5.3538461538461535,100.0,156.84373807907104,0.13
random 50k draw,Wuji,60,0,0.09,rescore,True,Grasp-Wuji_sigma60_seed0,0.26667343139648436,4.2844444444444445,100.0,152.60927414894104,0.09
random 50k draw,Wuji,70,0,0.1,rescore,True,Grasp-Wuji_sigma70_seed0,0.26097469329833983,6.354,100.0,154.50217652320862,0.1
random 50k draw,Wuji,80,0,0.15,rescore,True,Grasp-Wuji_sigma80_seed0,0.2725703060626984,5.365333333333333,100.0,154.87938904762268,0.15
random 50k draw,Wuji,90,0,0.1,rescore,True,Grasp-Wuji_sigma90_seed0,0.26343574523925783,5.696000000000001,100.0,160.27142524719238,0.1
first-100-episodes 50k (old),Allegro,0,0,0.83,rescore,True,Grasp-Allegro_sigma0_seed0,0.2778674894571304,3.5527710843373494,100.0,218.05551195144653,0.83
first-100-episodes 50k (old),Allegro,0,1,0.93,rescore,True,Grasp-Allegro_sigma0_seed1,0.22704124361276626,3.113763440860215,100.0,211.97378087043762,0.93
first-100-episodes 50k (old),Allegro,100,0,0.42,rescore,True,Grasp-Allegro_sigma100_seed0,0.2670751619338989,3.313809523809524,100.0,211.98822331428528,0.42
first-100-episodes 50k (old),Allegro,100,1,0.45,rescore,True,Grasp-Allegro_sigma100_seed1,0.2872501942515373,4.124,100.0,212.16933512687683,0.45
first-100-episodes 50k (old),LEAP,0,0,0.41,rescore,True,Grasp-LEAP_sigma0_seed0,0.33856159389019014,3.522926829268293,100.0,402.72518944740295,0.41
first-100-episodes 50k (old),LEAP,0,1,0.49,rescore,True,Grasp-LEAP_sigma0_seed1,0.30769045144319535,2.4216326530612244,100.0,399.1006317138672,0.49
first-100-episodes 50k (old),LEAP,100,0,0.32,rescore,True,Grasp-LEAP_sigma100_seed0,0.2967431530356407,4.061875,100.0,399.63957357406616,0.32
first-100-episodes 50k (old),LEAP,100,1,0.33,rescore,True,Grasp-LEAP_sigma100_seed1,0.30449036419391634,4.244848484848485,100.0,398.6666307449341,0.33
first-100-episodes 50k (old),Shadow,0,0,0.86,rescore,True,Grasp-Shadow_sigma0_seed0,0.35992073982954026,2.4434883720930234,100.0,291.4958975315094,0.86
first-100-episodes 50k (old),Shadow,0,1,0.7,rescore,True,Grasp-Shadow_sigma0_seed1,0.36575697928667067,2.6302857142857143,100.0,289.33400654792786,0.7
first-100-episodes 50k (old),Shadow,100,0,0.41,rescore,True,Grasp-Shadow_sigma100_seed0,0.36930910766124725,3.5682926829268293,100.0,288.61621260643005,0.41
first-100-episodes 50k (old),Shadow,100,1,0.38,rescore,True,Grasp-Shadow_sigma100_seed1,0.3983176147937775,4.0600000000000005,100.0,288.9526000022888,0.38
first-100-episodes 50k (old),Sharpa,0,0,0.76,rescore,True,Grasp-Sharpa_sigma0_seed0,0.2754134660959244,3.2307894736842107,100.0,316.2806189060211,0.76
first-100-episodes 50k (old),Sharpa,0,1,0.86,rescore,True,Grasp-Sharpa_sigma0_seed1,0.2515271517634392,2.766046511627907,100.0,314.35964846611023,0.86
first-100-episodes 50k (old),Sharpa,100,0,0.32,rescore,True,Grasp-Sharpa_sigma100_seed0,0.2670224279165268,6.495,100.0,308.3963315486908,0.32
first-100-episodes 50k (old),Sharpa,100,1,0.33,rescore,True,Grasp-Sharpa_sigma100_seed1,0.24962939083576202,5.5600000000000005,100.0,307.65564918518066,0.33
first-100-episodes 50k (old),Wuji,0,0,0.84,rescore,True,Grasp-Wuji_sigma0_seed0,0.25247074574232103,3.446190476190476,100.0,270.77774810791016,0.84
first-100-episodes 50k (old),Wuji,0,1,0.87,rescore,True,Grasp-Wuji_sigma0_seed1,0.26026846408843995,3.531264367816092,100.0,268.8693571090698,0.87
first-100-episodes 50k (old),Wuji,100,0,0.33,rescore,True,Grasp-Wuji_sigma100_seed0,0.2688468647003174,4.6454545454545455,100.0,263.4365303516388,0.33
first-100-episodes 50k (old),Wuji,100,1,0.46,rescore,True,Grasp-Wuji_sigma100_seed1,0.28489339858293533,3.740869565217391,100.0,266.43843173980713,0.46
