target,sigma,seed,kind,which,value,run
Allegro,loo,0,src,last0,1.3575,InHand-Rotation-Allegro_loo_seed0
Allegro,loo,0,ft,last0,0.0,InHand-Rotation-Allegro_loo_ft_latest_lr1e-05_seed0
Allegro,loo,1,src,last0,1.2725,InHand-Rotation-Allegro_loo_seed1
Allegro,loo,1,ft,last0,0.0,InHand-Rotation-Allegro_loo_ft_latest_lr1e-05_seed1
Allegro,loo,2,src,last0,1.3375,InHand-Rotation-Allegro_loo_seed2
Allegro,loo,2,ft,last0,0.0,InHand-Rotation-Allegro_loo_ft_latest_lr1e-05_seed2
Allegro,0,0,src,best_val,1.3025,InHand-Rotation-Allegro_sigma0_seed0
Allegro,0,0,ft,last0,0.135,InHand-Rotation-Allegro_sigma0_ft_best_val_lr1e-05_seed0
Allegro,0,1,src,best_val,1.14,InHand-Rotation-Allegro_sigma0_seed1
Allegro,0,1,ft,last0,0.01,InHand-Rotation-Allegro_sigma0_ft_best_val_lr1e-05_seed1
Allegro,0,2,src,best_val,1.345,InHand-Rotation-Allegro_sigma0_seed2
Allegro,0,2,ft,last0,0.0325,InHand-Rotation-Allegro_sigma0_ft_best_val_lr1e-05_seed2
LEAP,loo,0,src,last0,1.2175,InHand-Rotation-LEAP_loo_seed0
LEAP,loo,0,ft,last0,0.0,InHand-Rotation-LEAP_loo_ft_latest_lr1e-05_seed0
LEAP,loo,1,src,last0,1.27,InHand-Rotation-LEAP_loo_seed1
LEAP,loo,1,ft,last0,0.0,InHand-Rotation-LEAP_loo_ft_latest_lr1e-05_seed1
LEAP,loo,2,src,last0,1.1275,InHand-Rotation-LEAP_loo_seed2
LEAP,loo,2,ft,last0,0.0,InHand-Rotation-LEAP_loo_ft_latest_lr1e-05_seed2
LEAP,0,0,src,best_val,1.2874999999999999,InHand-Rotation-LEAP_sigma0_seed0
LEAP,0,0,ft,last0,0.3725,InHand-Rotation-LEAP_sigma0_ft_best_val_lr1e-05_seed0
LEAP,0,1,src,best_val,1.2725,InHand-Rotation-LEAP_sigma0_seed1
LEAP,0,1,ft,last0,0.2,InHand-Rotation-LEAP_sigma0_ft_best_val_lr1e-05_seed1
LEAP,0,2,src,best_val,1.34,InHand-Rotation-LEAP_sigma0_seed2
LEAP,0,2,ft,last0,0.305,InHand-Rotation-LEAP_sigma0_ft_best_val_lr1e-05_seed2
Shadow,loo,0,src,last0,1.535,InHand-Rotation-Shadow_loo_seed0
Shadow,loo,0,ft,last0,0.0,InHand-Rotation-Shadow_loo_ft_latest_lr1e-05_seed0
Shadow,loo,1,src,last0,1.47,InHand-Rotation-Shadow_loo_seed1
Shadow,loo,1,ft,last0,0.0025,InHand-Rotation-Shadow_loo_ft_latest_lr1e-05_seed1
Shadow,loo,2,src,last0,1.5474999999999999,InHand-Rotation-Shadow_loo_seed2
Shadow,loo,2,ft,last0,0.0,InHand-Rotation-Shadow_loo_ft_latest_lr1e-05_seed2
Shadow,0,0,src,best_val,1.66,InHand-Rotation-Shadow_sigma0_seed0
Shadow,0,0,ft,last0,0.2425,InHand-Rotation-Shadow_sigma0_ft_best_val_lr1e-05_seed0
Shadow,0,1,src,best_val,1.4325,InHand-Rotation-Shadow_sigma0_seed1
Shadow,0,1,ft,last0,0.1625,InHand-Rotation-Shadow_sigma0_ft_best_val_lr1e-05_seed1
Shadow,0,2,src,best_val,1.3325,InHand-Rotation-Shadow_sigma0_seed2
Shadow,0,2,ft,last0,0.0925,InHand-Rotation-Shadow_sigma0_ft_best_val_lr1e-05_seed2
Sharpa,loo,0,src,last0,1.41,InHand-Rotation-Sharpa_loo_seed0
Sharpa,loo,0,ft,last0,0.0,InHand-Rotation-Sharpa_loo_ft_latest_lr1e-05_seed0
Sharpa,loo,1,src,last0,1.575,InHand-Rotation-Sharpa_loo_seed1
Sharpa,loo,1,ft,last0,0.0,InHand-Rotation-Sharpa_loo_ft_latest_lr1e-05_seed1
Sharpa,loo,2,src,last0,1.5675000000000001,InHand-Rotation-Sharpa_loo_seed2
Sharpa,loo,2,ft,last0,0.0,InHand-Rotation-Sharpa_loo_ft_latest_lr1e-05_seed2
Sharpa,0,0,src,best_val,1.415,InHand-Rotation-Sharpa_sigma0_seed0
Sharpa,0,0,ft,last0,0.75,InHand-Rotation-Sharpa_sigma0_ft_best_val_lr1e-05_seed0
Sharpa,0,1,src,best_val,1.47,InHand-Rotation-Sharpa_sigma0_seed1
Sharpa,0,1,ft,last0,0.67,InHand-Rotation-Sharpa_sigma0_ft_best_val_lr1e-05_seed1
Sharpa,0,2,src,best_val,1.4925,InHand-Rotation-Sharpa_sigma0_seed2
Sharpa,0,2,ft,last0,0.585,InHand-Rotation-Sharpa_sigma0_ft_best_val_lr1e-05_seed2
Wuji,loo,0,src,last0,1.4375,InHand-Rotation-Wuji_loo_seed0
Wuji,loo,0,ft,last0,0.0,InHand-Rotation-Wuji_loo_ft_latest_lr1e-05_seed0
Wuji,loo,1,src,last0,1.385,InHand-Rotation-Wuji_loo_seed1
Wuji,loo,1,ft,last0,0.0,InHand-Rotation-Wuji_loo_ft_latest_lr1e-05_seed1
Wuji,loo,2,src,last0,1.265,InHand-Rotation-Wuji_loo_seed2
Wuji,loo,2,ft,last0,0.0,InHand-Rotation-Wuji_loo_ft_latest_lr1e-05_seed2
Wuji,0,0,src,best_val,1.335,InHand-Rotation-Wuji_sigma0_seed0
Wuji,0,0,ft,last0,0.055,InHand-Rotation-Wuji_sigma0_ft_best_val_lr1e-05_seed0
Wuji,0,1,src,best_val,1.31,InHand-Rotation-Wuji_sigma0_seed1
Wuji,0,1,ft,last0,0.1825,InHand-Rotation-Wuji_sigma0_ft_best_val_lr1e-05_seed1
Wuji,0,2,src,best_val,1.4425,InHand-Rotation-Wuji_sigma0_seed2
Wuji,0,2,ft,last0,0.04,InHand-Rotation-Wuji_sigma0_ft_best_val_lr1e-05_seed2
