target,group,sigma,seed,lr,run,avg_successes_before_drop,success_rate_any,per_target_success_rate,avg_survival_time_s,avg_rot_dist,drop_rate
Allegro,s0,0,0,,InHand-Rotation-Allegro_sigma0_seed0,0.72,0.58,0.4022346368715084,9.9895,0.6443440207394006,1.0
Allegro,s100,100,0,,InHand-Rotation-Allegro_sigma100_seed0,0.97,0.71,0.40585774058577406,14.9415,0.46750342784084137,1.0
Allegro,mid,10,0,,InHand-Rotation-Allegro_sigma10_seed0,1.28,0.83,0.5355648535564853,15.287500000000001,0.46334287575883937,1.0
Allegro,mid,20,0,,InHand-Rotation-Allegro_sigma20_seed0,1.12,0.72,0.4745762711864407,14.654,0.44940102057247644,1.0
Allegro,mid,30,0,,InHand-Rotation-Allegro_sigma30_seed0,0.87,0.67,0.3901345291479821,13.335,0.49668717953454344,1.0
Allegro,mid,40,0,,InHand-Rotation-Allegro_sigma40_seed0,0.85,0.66,0.397196261682243,12.332500000000001,0.48081014443550635,1.0
Allegro,mid,50,0,,InHand-Rotation-Allegro_sigma50_seed0,0.93,0.65,0.3907563025210084,14.9285,0.46675123741163577,1.0
Allegro,mid,60,0,,InHand-Rotation-Allegro_sigma60_seed0,0.97,0.64,0.4092827004219409,14.624000000000002,0.4811282351825305,1.0
Allegro,mid,70,0,,InHand-Rotation-Allegro_sigma70_seed0,0.88,0.61,0.3893805309734513,13.8605,0.48520368108504575,1.0
Allegro,mid,80,0,,InHand-Rotation-Allegro_sigma80_seed0,0.8,0.59,0.33755274261603374,14.862000000000002,0.507997372556769,1.0
Allegro,mid,90,0,,InHand-Rotation-Allegro_sigma90_seed0,0.93,0.66,0.3875,15.091999999999999,0.4748342904540432,1.0
LEAP,s0,0,0,,InHand-Rotation-LEAP_sigma0_seed0,0.54,0.44,0.313953488372093,8.8695,0.770592525267478,1.0
LEAP,s100,100,0,,InHand-Rotation-LEAP_sigma100_seed0,0.35,0.28,0.18134715025906736,11.0485,0.6581798974638202,1.0
LEAP,mid,10,0,,InHand-Rotation-LEAP_sigma10_seed0,0.85,0.61,0.4187192118226601,11.5535,0.5940161577589171,1.0
LEAP,mid,20,0,,InHand-Rotation-LEAP_sigma20_seed0,0.58,0.43,0.29591836734693877,11.01,0.6702436891806521,1.0
LEAP,mid,30,0,,InHand-Rotation-LEAP_sigma30_seed0,0.48,0.41,0.24,11.493000000000002,0.6367478262197771,1.0
LEAP,mid,40,0,,InHand-Rotation-LEAP_sigma40_seed0,0.34,0.27,0.19428571428571428,8.854000000000001,0.6565805958772867,1.0
LEAP,mid,50,0,,InHand-Rotation-LEAP_sigma50_seed0,0.39,0.34,0.19796954314720813,11.2835,0.6733809111481961,1.0
LEAP,mid,60,0,,InHand-Rotation-LEAP_sigma60_seed0,0.49,0.42,0.23444976076555024,12.261000000000001,0.6564007036970672,1.0
LEAP,mid,70,0,,InHand-Rotation-LEAP_sigma70_seed0,0.34,0.25,0.17346938775510204,11.1605,0.7069575391358655,1.0
LEAP,mid,80,0,,InHand-Rotation-LEAP_sigma80_seed0,0.31,0.26,0.15979381443298968,10.733,0.688781709015655,1.0
LEAP,mid,90,0,,InHand-Rotation-LEAP_sigma90_seed0,0.49,0.42,0.24019607843137256,11.7485,0.6409188443876893,1.0
Shadow,s0,0,0,,InHand-Rotation-Shadow_sigma0_seed0,0.32,0.25,0.22377622377622378,6.579000000000001,0.9843851009595854,1.0
Shadow,s100,100,0,,InHand-Rotation-Shadow_sigma100_seed0,0.48,0.37,0.27586206896551724,9.605,0.737272324171819,1.0
Shadow,mid,10,0,,InHand-Rotation-Shadow_sigma10_seed0,0.55,0.48,0.39568345323741005,7.016500000000001,0.726014234292858,1.0
Shadow,mid,20,0,,InHand-Rotation-Shadow_sigma20_seed0,0.64,0.5,0.38095238095238093,9.213,0.6494450704497363,1.0
Shadow,mid,30,0,,InHand-Rotation-Shadow_sigma30_seed0,0.45,0.4,0.3082191780821918,7.882,0.7384546726341347,1.0
Shadow,mid,40,0,,InHand-Rotation-Shadow_sigma40_seed0,0.45,0.4,0.27439024390243905,9.231,0.7250868878853456,1.0
Shadow,mid,50,0,,InHand-Rotation-Shadow_sigma50_seed0,0.5,0.4,0.3048780487804878,8.7845,0.7042048180341081,1.0
Shadow,mid,60,0,,InHand-Rotation-Shadow_sigma60_seed0,0.38,0.32,0.2375,8.7345,0.7303862507194937,1.0
Shadow,mid,70,0,,InHand-Rotation-Shadow_sigma70_seed0,0.41,0.35,0.25625,8.6635,0.7736438782350861,1.0
Shadow,mid,80,0,,InHand-Rotation-Shadow_sigma80_seed0,0.4,0.32,0.25,8.268,0.7345247356647767,1.0
Shadow,mid,90,0,,InHand-Rotation-Shadow_sigma90_seed0,0.32,0.3,0.2119205298013245,7.6205,0.8076396227600569,1.0
Sharpa,s0,0,0,,InHand-Rotation-Sharpa_sigma0_seed0,0.19,0.16,0.1532258064516129,3.817,0.8117085707993417,1.0
Sharpa,s100,100,0,,InHand-Rotation-Sharpa_sigma100_seed0,0.66,0.51,0.3793103448275862,9.347,0.5646917531530851,1.0
Sharpa,mid,10,0,,InHand-Rotation-Sharpa_sigma10_seed0,0.58,0.41,0.3558282208588957,7.7989999999999995,0.5541104511370383,1.0
Sharpa,mid,20,0,,InHand-Rotation-Sharpa_sigma20_seed0,0.66,0.48,0.36666666666666664,10.145000000000001,0.5845163852171013,1.0
Sharpa,mid,30,0,,InHand-Rotation-Sharpa_sigma30_seed0,0.7,0.55,0.37037037037037035,11.279000000000002,0.5700212334341239,1.0
Sharpa,mid,40,0,,InHand-Rotation-Sharpa_sigma40_seed0,0.68,0.54,0.3333333333333333,11.9585,0.5385075521627305,1.0
Sharpa,mid,50,0,,InHand-Rotation-Sharpa_sigma50_seed0,0.91,0.62,0.4272300469483568,12.3925,0.5120902402893487,1.0
Sharpa,mid,60,0,,InHand-Rotation-Sharpa_sigma60_seed0,0.71,0.58,0.355,11.412500000000001,0.5464813393708584,1.0
Sharpa,mid,70,0,,InHand-Rotation-Sharpa_sigma70_seed0,0.71,0.56,0.3697916666666667,11.705,0.5471491129915336,1.0
Sharpa,mid,80,0,,InHand-Rotation-Sharpa_sigma80_seed0,0.75,0.56,0.39267015706806285,10.9865,0.5387572234611168,1.0
Sharpa,mid,90,0,,InHand-Rotation-Sharpa_sigma90_seed0,0.69,0.58,0.3631578947368421,10.4595,0.5799741149461545,1.0
Wuji,s0,0,0,,InHand-Rotation-Wuji_sigma0_seed0,0.4,0.3,0.2702702702702703,6.2745,0.7872648422951166,1.0
Wuji,s100,100,0,,InHand-Rotation-Wuji_sigma100_seed0,0.75,0.52,0.3640776699029126,12.188500000000001,0.5811837107165025,1.0
Wuji,mid,10,0,,InHand-Rotation-Wuji_sigma10_seed0,0.98,0.58,0.4537037037037037,12.704500000000001,0.5622060465472072,1.0
Wuji,mid,20,0,,InHand-Rotation-Wuji_sigma20_seed0,1.21,0.75,0.4959016393442623,15.416,0.5355963281706917,1.0
Wuji,mid,30,0,,InHand-Rotation-Wuji_sigma30_seed0,1.08,0.65,0.45569620253164556,15.2415,0.5312866161426811,1.0
Wuji,mid,40,0,,InHand-Rotation-Wuji_sigma40_seed0,0.93,0.62,0.4246575342465753,13.405500000000002,0.5410761312720163,1.0
Wuji,mid,50,0,,InHand-Rotation-Wuji_sigma50_seed0,0.81,0.57,0.391304347826087,12.214500000000001,0.5673945242435886,1.0
Wuji,mid,60,0,,InHand-Rotation-Wuji_sigma60_seed0,1.1,0.65,0.4444444444444444,15.451,0.5519891863036762,0.9899999499320984
Wuji,mid,70,0,,InHand-Rotation-Wuji_sigma70_seed0,0.77,0.52,0.39086294416243655,11.161000000000001,0.6203159489303002,1.0
Wuji,mid,80,0,,InHand-Rotation-Wuji_sigma80_seed0,0.88,0.57,0.39819004524886875,13.437000000000001,0.5597078396064115,1.0
Wuji,mid,90,0,,InHand-Rotation-Wuji_sigma90_seed0,0.88,0.56,0.40930232558139534,13.227500000000001,0.5730342568310748,1.0
Allegro,ft,,0,0.0001,InHand-Rotation-Allegro_ft_best_val_lr0.0001_seed0,1.68,0.88,0.6222222222222222,17.968500000000002,0.40883234044737066,1.0
Allegro,ft,,1,0.0001,InHand-Rotation-Allegro_ft_best_val_lr0.0001_seed1,2.08,0.93,0.6655629139072847,22.291,0.37740328899359893,0.9899999499320984
Allegro,ft,,0,1e-05,InHand-Rotation-Allegro_ft_best_val_lr1e-05_seed0,1.57,0.89,0.6024096385542169,16.639,0.4382549630563186,0.9899999499320984
Allegro,ft,,1,1e-05,InHand-Rotation-Allegro_ft_best_val_lr1e-05_seed1,1.64,0.87,0.6119402985074627,18.018,0.4401665971006202,1.0
LEAP,ft,,0,0.0001,InHand-Rotation-LEAP_ft_best_val_lr0.0001_seed0,1.24,0.8,0.5391304347826087,14.216000000000001,0.5457780960010188,1.0
LEAP,ft,,1,0.0001,InHand-Rotation-LEAP_ft_best_val_lr0.0001_seed1,1.24,0.8,0.5321888412017167,14.6095,0.5513255745588136,1.0
LEAP,ft,,0,1e-05,InHand-Rotation-LEAP_ft_best_val_lr1e-05_seed0,1.4,0.74,0.5555555555555556,16.304,0.5904921376711545,1.0
LEAP,ft,,1,1e-05,InHand-Rotation-LEAP_ft_best_val_lr1e-05_seed1,1.24,0.77,0.5414847161572053,14.349000000000002,0.6066837899603147,1.0
Shadow,ft,,0,0.0001,InHand-Rotation-Shadow_ft_best_val_lr0.0001_seed0,0.71,0.61,0.4930555555555556,7.7475,0.6814195097189982,1.0
Shadow,ft,,1,0.0001,InHand-Rotation-Shadow_ft_best_val_lr0.0001_seed1,0.97,0.7,0.532967032967033,10.642000000000001,0.6221295713565567,1.0
Shadow,ft,,0,1e-05,InHand-Rotation-Shadow_ft_best_val_lr1e-05_seed0,0.61,0.51,0.44525547445255476,7.043000000000001,0.7349208615530913,1.0
Shadow,ft,,1,1e-05,InHand-Rotation-Shadow_ft_best_val_lr1e-05_seed1,0.69,0.59,0.4928571428571429,7.515000000000001,0.7089687849225814,1.0
Sharpa,ft,,0,0.0001,InHand-Rotation-Sharpa_ft_best_val_lr0.0001_seed0,0.97,0.74,0.485,11.4535,0.4979787603142313,1.0
Sharpa,ft,,1,0.0001,InHand-Rotation-Sharpa_ft_best_val_lr0.0001_seed1,0.94,0.7,0.48704663212435234,10.8585,0.5121291718648691,1.0
Sharpa,ft,,0,1e-05,InHand-Rotation-Sharpa_ft_best_val_lr1e-05_seed0,0.94,0.66,0.48704663212435234,11.4945,0.5198286742620886,1.0
Sharpa,ft,,1,1e-05,InHand-Rotation-Sharpa_ft_best_val_lr1e-05_seed1,1.08,0.7,0.5192307692307693,12.8335,0.4958417834270655,1.0
Wuji,ft,,0,0.0001,InHand-Rotation-Wuji_ft_best_val_lr0.0001_seed0,1.15,0.71,0.515695067264574,13.3245,0.5091924290563646,1.0
Wuji,ft,,1,0.0001,InHand-Rotation-Wuji_ft_best_val_lr0.0001_seed1,1.58,0.78,0.5852713178294574,17.6445,0.48573868786725327,0.9899999499320984
Wuji,ft,,0,1e-05,InHand-Rotation-Wuji_ft_best_val_lr1e-05_seed0,1.5,0.77,0.5952380952380952,16.6475,0.5228264452617396,1.0
Wuji,ft,,1,1e-05,InHand-Rotation-Wuji_ft_best_val_lr1e-05_seed1,1.29,0.72,0.5512820512820513,14.518500000000001,0.5282520743954655,1.0
